timestamp,run_id,opportunity_id,strategy,chain_id,chain_name,block_number,block_hash,rpc_provider,token_in,token_out,token_decimals,amount_in,venue,pool_address,pool_type,fee_tier,quote_out,quote_status,liquidity_status,gas_units,gas_price,l1_fee,flash_fee,bridge_fee,mev_fee,gross_pnl,net_pnl,pnl_unit,pnl_status,risk_status,simulation_status,execution_status,final_status,failure_code
2026-09-02T23:46:38.259506,RUN-1788372996,OPP-1-SPAT-20260902-1788373000,Spatial,1,Ethereum,,NULL,https://ethereum-rpc.publicnode.com,0xA0b86991c6218b36c1d19D4a2e9Eb0cE3606eB48,0xC02aaA39b223FE8D0A0e5C4F27eAD9083C756Cc2,6,100000000,UniV3_to_UniV2,NULL,NULL,500,NULL,FAILED,NULL,NULL,NULL,NULL,NULL,NULL,NULL,NULL,NULL,NULL,NULL,NULL,NULL,NULL,QUOTE_FAILED,NULL
2026-09-02T23:46:40.998394,RUN-1788372996,OPP-1-SPAT-20260902-1788373004,Spatial,1,Ethereum,,NULL,https://ethereum-rpc.publicnode.com,0xA0b86991c6218b36c1d19D4a2e9Eb0cE3606eB48,0xC02aaA39b223FE8D0A0e5C4F27eAD9083C756Cc2,6,500000000,UniV3_to_UniV2,NULL,NULL,500,NULL,FAILED,NULL,NULL,NULL,NULL,NULL,NULL,NULL,NULL,NULL,NULL,NULL,NULL,NULL,NULL,QUOTE_FAILED,NULL
2026-09-02T23:46:44.467144,RUN-1788372996,OPP-1-SPAT-20260902-1788373008,Spatial,1,Ethereum,,NULL,https://ethereum-rpc.publicnode.com,0xA0b86991c6218b36c1d19D4a2e9Eb0cE3606eB48,0xC02aaA39b223FE8D0A0e5C4F27eAD9083C756Cc2,6,1000000000,UniV3_to_UniV2,NULL,NULL,500,NULL,FAILED,NULL,NULL,NULL,NULL,NULL,NULL,NULL,NULL,NULL,NULL,NULL,NULL,NULL,NULL,QUOTE_FAILED,NULL
2026-09-02T23:46:48.107382,RUN-1788372996,OPP-1-SPAT-20260902-1788373011,Spatial,1,Ethereum,,NULL,https://ethereum-rpc.publicnode.com,0xA0b86991c6218b36c1d19D4a2e9Eb0cE3606eB48,0xC02aaA39b223FE8D0A0e5C4F27eAD9083C756Cc2,6,5000000000,UniV3_to_UniV2,NULL,NULL,500,NULL,FAILED,NULL,NULL,NULL,NULL,NULL,NULL,NULL,NULL,NULL,NULL,NULL,NULL,NULL,NULL,QUOTE_FAILED,NULL
2026-09-02T23:46:51.181882,RUN-1788372996,OPP-1-SPAT-20260902-1788373014,Spatial,1,Ethereum,,NULL,https://ethereum-rpc.publicnode.com,0xA0b86991c6218b36c1d19D4a2e9Eb0cE3606eB48,0xC02aaA39b223FE8D0A0e5C4F27eAD9083C756Cc2,6,10000000000,UniV3_to_UniV2,NULL,NULL,500,NULL,FAILED,NULL,NULL,NULL,NULL,NULL,NULL,NULL,NULL,NULL,NULL,NULL,NULL,NULL,NULL,QUOTE_FAILED,NULL
2026-09-02T23:46:54.526104,RUN-1788372996,OPP-1-SPAT-20260902-1788373017,Spatial,1,Ethereum,,NULL,https://ethereum-rpc.publicnode.com,0xA0b86991c6218b36c1d19D4a2e9Eb0cE3606eB48,0xC02aaA39b223FE8D0A0e5C4F27eAD9083C756Cc2,6,50000000000,UniV3_to_UniV2,NULL,NULL,500,NULL,FAILED,NULL,NULL,NULL,NULL,NULL,NULL,NULL,NULL,NULL,NULL,NULL,NULL,NULL,NULL,QUOTE_FAILED,NULL
2026-09-02T23:46:57.964174,RUN-1788372996,OPP-1-SPAT-20260902-1788373020,Spatial,1,Ethereum,,NULL,https://ethereum-rpc.publicnode.com,0xA0b86991c6218b36c1d19D4a2e9Eb0cE3606eB48,0xC02aaA39b223FE8D0A0e5C4F27eAD9083C756Cc2,6,100000000,UniV3_to_UniV2,NULL,NULL,500,NULL,FAILED,NULL,NULL,NULL,NULL,NULL,NULL,NULL,NULL,NULL,NULL,NULL,NULL,NULL,NULL,QUOTE_FAILED,NULL
2026-09-02T23:47:00.410074,RUN-1788372996,OPP-1-SPAT-20260902-1788373023,Spatial,1,Ethereum,,NULL,https://ethereum-rpc.publicnode.com,0xA0b86991c6218b36c1d19D4a2e9Eb0cE3606eB48,0xC02aaA39b223FE8D0A0e5C4F27eAD9083C756Cc2,6,500000000,UniV3_to_UniV2,NULL,NULL,500,NULL,FAILED,NULL,NULL,NULL,NULL,NULL,NULL,NULL,NULL,NULL,NULL,NULL,NULL,NULL,NULL,QUOTE_FAILED,NULL
2026-09-02T23:47:03.808753,RUN-1788372996,OPP-1-SPAT-20260902-1788373033,Spatial,1,Ethereum,,NULL,https://ethereum-rpc.publicnode.com,0xA0b86991c6218b36c1d19D4a2e9Eb0cE3606eB48,0xC02aaA39b223FE8D0A0e5C4F27eAD9083C756Cc2,6,1000000000,UniV3_to_UniV2,NULL,NULL,500,NULL,FAILED,NULL,NULL,NULL,NULL,NULL,NULL,NULL,NULL,NULL,NULL,NULL,NULL,NULL,NULL,QUOTE_FAILED,NULL
2026-09-02T23:47:13.057078,RUN-1788372996,OPP-1-SPAT-20260902-1788373039,Spatial,1,Ethereum,,NULL,https://ethereum-rpc.publicnode.com,0xA0b86991c6218b36c1d19D4a2e9Eb0cE3606eB48,0xC02aaA39b223FE8D0A0e5C4F27eAD9083C756Cc2,6,5000000000,UniV3_to_UniV2,NULL,NULL,500,NULL,FAILED,NULL,NULL,NULL,NULL,NULL,NULL,NULL,NULL,NULL,NULL,NULL,NULL,NULL,NULL,QUOTE_FAILED,NULL
2026-09-02T23:47:19.355119,RUN-1788372996,OPP-1-SPAT-20260902-1788373080,Spatial,1,Ethereum,,NULL,https://ethereum-rpc.publicnode.com,0xA0b86991c6218b36c1d19D4a2e9Eb0cE3606eB48,0xC02aaA39b223FE8D0A0e5C4F27eAD9083C756Cc2,6,10000000000,UniV3_to_UniV2,NULL,NULL,500,NULL,FAILED,NULL,NULL,NULL,NULL,NULL,NULL,NULL,NULL,NULL,NULL,NULL,NULL,NULL,NULL,QUOTE_FAILED,NULL
2026-09-02T23:48:00.999063,RUN-1788372996,OPP-1-SPAT-20260902-1788373092,Spatial,1,Ethereum,,NULL,https://ethereum-rpc.publicnode.com,0xA0b86991c6218b36c1d19D4a2e9Eb0cE3606eB48,0xC02aaA39b223FE8D0A0e5C4F27eAD9083C756Cc2,6,50000000000,UniV3_to_UniV2,NULL,NULL,500,NULL,FAILED,NULL,NULL,NULL,NULL,NULL,NULL,NULL,NULL,NULL,NULL,NULL,NULL,NULL,NULL,QUOTE_FAILED,NULL
2026-09-02T23:48:12.832758,RUN-1788372996,OPP-1-SPAT-20260902-1788373098,Spatial,1,Ethereum,,NULL,https://ethereum-rpc.publicnode.com,0xA0b86991c6218b36c1d19D4a2e9Eb0cE3606eB48,0xC02aaA39b223FE8D0A0e5C4F27eAD9083C756Cc2,6,100000000,UniV3_to_UniV2,NULL,NULL,500,NULL,FAILED,NULL,NULL,NULL,NULL,NULL,NULL,NULL,NULL,NULL,NULL,NULL,NULL,NULL,NULL,QUOTE_FAILED,NULL
2026-09-02T23:48:18.877586,RUN-1788372996,OPP-1-SPAT-20260902-1788373116,Spatial,1,Ethereum,,NULL,https://ethereum-rpc.publicnode.com,0xA0b86991c6218b36c1d19D4a2e9Eb0cE3606eB48,0xC02aaA39b223FE8D0A0e5C4F27eAD9083C756Cc2,6,500000000,UniV3_to_UniV2,NULL,NULL,500,NULL,FAILED,NULL,NULL,NULL,NULL,NULL,NULL,NULL,NULL,NULL,NULL,NULL,NULL,NULL,NULL,QUOTE_FAILED,NULL
2026-09-02T23:48:36.762851,RUN-1788372996,OPP-1-SPAT-20260902-1788373123,Spatial,1,Ethereum,,NULL,https://ethereum-rpc.publicnode.com,0xA0b86991c6218b36c1d19D4a2e9Eb0cE3606eB48,0xC02aaA39b223FE8D0A0e5C4F27eAD9083C756Cc2,6,1000000000,UniV3_to_UniV2,NULL,NULL,500,NULL,FAILED,NULL,NULL,NULL,NULL,NULL,NULL,NULL,NULL,NULL,NULL,NULL,NULL,NULL,NULL,QUOTE_FAILED,NULL
2026-09-02T23:48:43.206576,RUN-1788372996,OPP-1-SPAT-20260902-1788373133,Spatial,1,Ethereum,,NULL,https://ethereum-rpc.publicnode.com,0xA0b86991c6218b36c1d19D4a2e9Eb0cE3606eB48,0xC02aaA39b223FE8D0A0e5C4F27eAD9083C756Cc2,6,5000000000,UniV3_to_UniV2,NULL,NULL,500,NULL,FAILED,NULL,NULL,NULL,NULL,NULL,NULL,NULL,NULL,NULL,NULL,NULL,NULL,NULL,NULL,QUOTE_FAILED,NULL
2026-09-02T23:48:53.779993,RUN-1788372996,OPP-1-SPAT-20260902-1788373140,Spatial,1,Ethereum,,NULL,https://ethereum-rpc.publicnode.com,0xA0b86991c6218b36c1d19D4a2e9Eb0cE3606eB48,0xC02aaA39b223FE8D0A0e5C4F27eAD9083C756Cc2,6,10000000000,UniV3_to_UniV2,NULL,NULL,500,NULL,FAILED,NULL,NULL,NULL,NULL,NULL,NULL,NULL,NULL,NULL,NULL,NULL,NULL,NULL,NULL,QUOTE_FAILED,NULL
2026-09-02T23:49:00.014142,RUN-1788372996,OPP-1-SPAT-20260902-1788373146,Spatial,1,Ethereum,,NULL,https://ethereum-rpc.publicnode.com,0xA0b86991c6218b36c1d19D4a2e9Eb0cE3606eB48,0xC02aaA39b223FE8D0A0e5C4F27eAD9083C756Cc2,6,50000000000,UniV3_to_UniV2,NULL,NULL,500,NULL,FAILED,NULL,NULL,NULL,NULL,NULL,NULL,NULL,NULL,NULL,NULL,NULL,NULL,NULL,NULL,QUOTE_FAILED,NULL
2026-09-02T23:49:06.770926,RUN-1788372996,OPP-1-SPAT-20260902-1788373177,Spatial,1,Ethereum,,NULL,https://ethereum-rpc.publicnode.com,0xA0b86991c6218b36c1d19D4a2e9Eb0cE3606eB48,0xC02aaA39b223FE8D0A0e5C4F27eAD9083C756Cc2,6,100000000,UniV3_to_UniV2,NULL,NULL,500,NULL,FAILED,NULL,NULL,NULL,NULL,NULL,NULL,NULL,NULL,NULL,NULL,NULL,NULL,NULL,NULL,QUOTE_FAILED,NULL
2026-09-02T23:49:37.768116,RUN-1788372996,OPP-1-SPAT-20260902-1788373181,Spatial,1,Ethereum,,NULL,https://ethereum-rpc.publicnode.com,0xA0b86991c6218b36c1d19D4a2e9Eb0cE3606eB48,0xC02aaA39b223FE8D0A0e5C4F27eAD9083C756Cc2,6,500000000,UniV3_to_UniV2,NULL,NULL,500,NULL,FAILED,NULL,NULL,NULL,NULL,NULL,NULL,NULL,NULL,NULL,NULL,NULL,NULL,NULL,NULL,QUOTE_FAILED,NULL
2026-09-02T23:49:41.309644,RUN-1788372996,OPP-1-SPAT-20260902-1788373184,Spatial,1,Ethereum,,NULL,https://ethereum-rpc.publicnode.com,0xA0b86991c6218b36c1d19D4a2e9Eb0cE3606eB48,0xC02aaA39b223FE8D0A0e5C4F27eAD9083C756Cc2,6,1000000000,UniV3_to_UniV2,NULL,NULL,500,NULL,FAILED,NULL,NULL,NULL,NULL,NULL,NULL,NULL,NULL,NULL,NULL,NULL,NULL,NULL,NULL,QUOTE_FAILED,NULL
2026-09-02T23:49:44.233204,RUN-1788372996,OPP-1-SPAT-20260902-1788373187,Spatial,1,Ethereum,,NULL,https://ethereum-rpc.publicnode.com,0xA0b86991c6218b36c1d19D4a2e9Eb0cE3606eB48,0xC02aaA39b223FE8D0A0e5C4F27eAD9083C756Cc2,6,5000000000,UniV3_to_UniV2,NULL,NULL,500,NULL,FAILED,NULL,NULL,NULL,NULL,NULL,NULL,NULL,NULL,NULL,NULL,NULL,NULL,NULL,NULL,QUOTE_FAILED,NULL
2026-09-02T23:49:47.997149,RUN-1788372996,OPP-1-SPAT-20260902-1788373190,Spatial,1,Ethereum,,NULL,https://ethereum-rpc.publicnode.com,0xA0b86991c6218b36c1d19D4a2e9Eb0cE3606eB48,0xC02aaA39b223FE8D0A0e5C4F27eAD9083C756Cc2,6,10000000000,UniV3_to_UniV2,NULL,NULL,500,NULL,FAILED,NULL,NULL,NULL,NULL,NULL,NULL,NULL,NULL,NULL,NULL,NULL,NULL,NULL,NULL,QUOTE_FAILED,NULL
2026-09-02T23:49:50.882281,RUN-1788372996,OPP-1-SPAT-20260902-1788373195,Spatial,1,Ethereum,,NULL,https://ethereum-rpc.publicnode.com,0xA0b86991c6218b36c1d19D4a2e9Eb0cE3606eB48,0xC02aaA39b223FE8D0A0e5C4F27eAD9083C756Cc2,6,50000000000,UniV3_to_UniV2,NULL,NULL,500,NULL,FAILED,NULL,NULL,NULL,NULL,NULL,NULL,NULL,NULL,NULL,NULL,NULL,NULL,NULL,NULL,QUOTE_FAILED,NULL
2026-09-02T23:49:55.917989,RUN-1788372996,OPP-1-SPAT-20260902-1788373200,Spatial,1,Ethereum,,NULL,https://ethereum-rpc.publicnode.com,0xA0b86991c6218b36c1d19D4a2e9Eb0cE3606eB48,0xC02aaA39b223FE8D0A0e5C4F27eAD9083C756Cc2,6,100000000,UniV3_to_UniV2,NULL,NULL,500,NULL,FAILED,NULL,NULL,NULL,NULL,NULL,NULL,NULL,NULL,NULL,NULL,NULL,NULL,NULL,NULL,QUOTE_FAILED,NULL
2026-09-02T23:50:00.929427,RUN-1788372996,OPP-1-SPAT-20260902-1788373207,Spatial,1,Ethereum,,NULL,https://ethereum-rpc.publicnode.com,0xA0b86991c6218b36c1d19D4a2e9Eb0cE3606eB48,0xC02aaA39b223FE8D0A0e5C4F27eAD9083C756Cc2,6,500000000,UniV3_to_UniV2,NULL,NULL,500,NULL,FAILED,NULL,NULL,NULL,NULL,NULL,NULL,NULL,NULL,NULL,NULL,NULL,NULL,NULL,NULL,QUOTE_FAILED,NULL
2026-09-02T23:50:07.115647,RUN-1788372996,OPP-1-SPAT-20260902-1788373212,Spatial,1,Ethereum,,NULL,https://ethereum-rpc.publicnode.com,0xA0b86991c6218b36c1d19D4a2e9Eb0cE3606eB48,0xC02aaA39b223FE8D0A0e5C4F27eAD9083C756Cc2,6,1000000000,UniV3_to_UniV2,NULL,NULL,500,NULL,FAILED,NULL,NULL,NULL,NULL,NULL,NULL,NULL,NULL,NULL,NULL,NULL,NULL,NULL,NULL,QUOTE_FAILED,NULL
2026-09-02T23:50:12.204135,RUN-1788372996,OPP-1-SPAT-20260902-1788373224,Spatial,1,Ethereum,,NULL,https://ethereum-rpc.publicnode.com,0xA0b86991c6218b36c1d19D4a2e9Eb0cE3606eB48,0xC02aaA39b223FE8D0A0e5C4F27eAD9083C756Cc2,6,5000000000,UniV3_to_UniV2,NULL,NULL,500,NULL,FAILED,NULL,NULL,NULL,NULL,NULL,NULL,NULL,NULL,NULL,NULL,NULL,NULL,NULL,NULL,QUOTE_FAILED,NULL
2026-09-02T23:50:24.951791,RUN-1788372996,OPP-1-SPAT-20260902-1788373229,Spatial,1,Ethereum,,NULL,https://ethereum-rpc.publicnode.com,0xA0b86991c6218b36c1d19D4a2e9Eb0cE3606eB48,0xC02aaA39b223FE8D0A0e5C4F27eAD9083C756Cc2,6,10000000000,UniV3_to_UniV2,NULL,NULL,500,NULL,FAILED,NULL,NULL,NULL,NULL,NULL,NULL,NULL,NULL,NULL,NULL,NULL,NULL,NULL,NULL,QUOTE_FAILED,NULL
2026-09-02T23:50:29.061632,RUN-1788372996,OPP-1-SPAT-20260902-1788373238,Spatial,1,Ethereum,,NULL,https://ethereum-rpc.publicnode.com,0xA0b86991c6218b36c1d19D4a2e9Eb0cE3606eB48,0xC02aaA39b223FE8D0A0e5C4F27eAD9083C756Cc2,6,50000000000,UniV3_to_UniV2,NULL,NULL,500,NULL,FAILED,NULL,NULL,NULL,NULL,NULL,NULL,NULL,NULL,NULL,NULL,NULL,NULL,NULL,NULL,QUOTE_FAILED,NULL
2026-09-02T23:50:42.642545,RUN-1788372996,OPP-8453-SPAT-20260902-1788373278,Spatial,8453,Base,,NULL,https://mainnet.base.org,0xA0b86991c6218b36c1d19D4a2e9Eb0cE3606eB48,0x4200000000000000000000000000000000000006,6,100000000,UniV3_to_UniV2,NULL,NULL,500,NULL,FAILED,NULL,NULL,NULL,NULL,NULL,NULL,NULL,NULL,NULL,NULL,NULL,NULL,NULL,NULL,QUOTE_FAILED,NULL
2026-09-02T23:51:18.834049,RUN-1788372996,OPP-8453-SPAT-20260902-1788373317,Spatial,8453,Base,,NULL,https://mainnet.base.org,0xA0b86991c6218b36c1d19D4a2e9Eb0cE3606eB48,0x4200000000000000000000000000000000000006,6,500000000,UniV3_to_UniV2,NULL,NULL,500,NULL,FAILED,NULL,NULL,NULL,NULL,NULL,NULL,NULL,NULL,NULL,NULL,NULL,NULL,NULL,NULL,QUOTE_FAILED,NULL
2026-09-02T23:51:57.300681,RUN-1788372996,OPP-8453-SPAT-20260902-1788373351,Spatial,8453,Base,,NULL,https://mainnet.base.org,0xA0b86991c6218b36c1d19D4a2e9Eb0cE3606eB48,0x4200000000000000000000000000000000000006,6,1000000000,UniV3_to_UniV2,NULL,NULL,500,NULL,FAILED,NULL,NULL,NULL,NULL,NULL,NULL,NULL,NULL,NULL,NULL,NULL,NULL,NULL,NULL,QUOTE_FAILED,NULL
2026-09-02T23:52:31.011033,RUN-1788372996,OPP-8453-SPAT-20260902-1788373358,Spatial,8453,Base,,NULL,https://mainnet.base.org,0xA0b86991c6218b36c1d19D4a2e9Eb0cE3606eB48,0x4200000000000000000000000000000000000006,6,5000000000,UniV3_to_UniV2,NULL,NULL,500,NULL,FAILED,NULL,NULL,NULL,NULL,NULL,NULL,NULL,NULL,NULL,NULL,NULL,NULL,NULL,NULL,QUOTE_FAILED,NULL
2026-09-02T23:52:38.711434,RUN-1788372996,OPP-8453-SPAT-20260902-1788373363,Spatial,8453,Base,,NULL,https://mainnet.base.org,0xA0b86991c6218b36c1d19D4a2e9Eb0cE3606eB48,0x4200000000000000000000000000000000000006,6,10000000000,UniV3_to_UniV2,NULL,NULL,500,NULL,FAILED,NULL,NULL,NULL,NULL,NULL,NULL,NULL,NULL,NULL,NULL,NULL,NULL,NULL,NULL,QUOTE_FAILED,NULL
2026-09-02T23:52:43.948930,RUN-1788372996,OPP-8453-SPAT-20260902-1788373370,Spatial,8453,Base,,NULL,https://mainnet.base.org,0xA0b86991c6218b36c1d19D4a2e9Eb0cE3606eB48,0x4200000000000000000000000000000000000006,6,50000000000,UniV3_to_UniV2,NULL,NULL,500,NULL,FAILED,NULL,NULL,NULL,NULL,NULL,NULL,NULL,NULL,NULL,NULL,NULL,NULL,NULL,NULL,QUOTE_FAILED,NULL
2026-09-02T23:52:50.715446,RUN-1788372996,OPP-8453-SPAT-20260902-1788373381,Spatial,8453,Base,,NULL,https://mainnet.base.org,0xA0b86991c6218b36c1d19D4a2e9Eb0cE3606eB48,0x4200000000000000000000000000000000000006,6,100000000,UniV3_to_UniV2,NULL,NULL,500,NULL,FAILED,NULL,NULL,NULL,NULL,NULL,NULL,NULL,NULL,NULL,NULL,NULL,NULL,NULL,NULL,QUOTE_FAILED,NULL
2026-09-02T23:53:01.423935,RUN-1788372996,OPP-8453-SPAT-20260902-1788373387,Spatial,8453,Base,,NULL,https://mainnet.base.org,0xA0b86991c6218b36c1d19D4a2e9Eb0cE3606eB48,0x4200000000000000000000000000000000000006,6,500000000,UniV3_to_UniV2,NULL,NULL,500,NULL,FAILED,NULL,NULL,NULL,NULL,NULL,NULL,NULL,NULL,NULL,NULL,NULL,NULL,NULL,NULL,QUOTE_FAILED,NULL
2026-09-02T23:53:07.331199,RUN-1788372996,OPP-8453-SPAT-20260902-1788373393,Spatial,8453,Base,,NULL,https://mainnet.base.org,0xA0b86991c6218b36c1d19D4a2e9Eb0cE3606eB48,0x4200000000000000000000000000000000000006,6,1000000000,UniV3_to_UniV2,NULL,NULL,500,NULL,FAILED,NULL,NULL,NULL,NULL,NULL,NULL,NULL,NULL,NULL,NULL,NULL,NULL,NULL,NULL,QUOTE_FAILED,NULL
2026-09-02T23:53:13.290054,RUN-1788372996,OPP-8453-SPAT-20260902-1788373399,Spatial,8453,Base,,NULL,https://mainnet.base.org,0xA0b86991c6218b36c1d19D4a2e9Eb0cE3606eB48,0x4200000000000000000000000000000000000006,6,5000000000,UniV3_to_UniV2,NULL,NULL,500,NULL,FAILED,NULL,NULL,NULL,NULL,NULL,NULL,NULL,NULL,NULL,NULL,NULL,NULL,NULL,NULL,QUOTE_FAILED,NULL
2026-09-02T23:53:19.461755,RUN-1788372996,OPP-8453-SPAT-20260902-1788373404,Spatial,8453,Base,,NULL,https://mainnet.base.org,0xA0b86991c6218b36c1d19D4a2e9Eb0cE3606eB48,0x4200000000000000000000000000000000000006,6,10000000000,UniV3_to_UniV2,NULL,NULL,500,NULL,FAILED,NULL,NULL,NULL,NULL,NULL,NULL,NULL,NULL,NULL,NULL,NULL,NULL,NULL,NULL,QUOTE_FAILED,NULL
2026-09-02T23:53:24.815513,RUN-1788372996,OPP-8453-SPAT-20260902-1788373410,Spatial,8453,Base,,NULL,https://mainnet.base.org,0xA0b86991c6218b36c1d19D4a2e9Eb0cE3606eB48,0x4200000000000000000000000000000000000006,6,50000000000,UniV3_to_UniV2,NULL,NULL,500,NULL,FAILED,NULL,NULL,NULL,NULL,NULL,NULL,NULL,NULL,NULL,NULL,NULL,NULL,NULL,NULL,QUOTE_FAILED,NULL
2026-09-02T23:53:30.370845,RUN-1788372996,OPP-8453-SPAT-20260902-1788373418,Spatial,8453,Base,,NULL,https://mainnet.base.org,0xA0b86991c6218b36c1d19D4a2e9Eb0cE3606eB48,0x4200000000000000000000000000000000000006,6,100000000,UniV3_to_UniV2,NULL,NULL,500,NULL,FAILED,NULL,NULL,NULL,NULL,NULL,NULL,NULL,NULL,NULL,NULL,NULL,NULL,NULL,NULL,QUOTE_FAILED,NULL
2026-09-02T23:53:38.927910,RUN-1788372996,OPP-8453-SPAT-20260902-1788373451,Spatial,8453,Base,,NULL,https://mainnet.base.org,0xA0b86991c6218b36c1d19D4a2e9Eb0cE3606eB48,0x4200000000000000000000000000000000000006,6,500000000,UniV3_to_UniV2,NULL,NULL,500,NULL,FAILED,NULL,NULL,NULL,NULL,NULL,NULL,NULL,NULL,NULL,NULL,NULL,NULL,NULL,NULL,QUOTE_FAILED,NULL
2026-09-02T23:54:11.962157,RUN-1788372996,OPP-8453-SPAT-20260902-1788373460,Spatial,8453,Base,,NULL,https://mainnet.base.org,0xA0b86991c6218b36c1d19D4a2e9Eb0cE3606eB48,0x4200000000000000000000000000000000000006,6,1000000000,UniV3_to_UniV2,NULL,NULL,500,NULL,FAILED,NULL,NULL,NULL,NULL,NULL,NULL,NULL,NULL,NULL,NULL,NULL,NULL,NULL,NULL,QUOTE_FAILED,NULL
2026-09-02T23:54:20.117010,RUN-1788372996,OPP-8453-SPAT-20260902-1788373479,Spatial,8453,Base,,NULL,https://mainnet.base.org,0xA0b86991c6218b36c1d19D4a2e9Eb0cE3606eB48,0x4200000000000000000000000000000000000006,6,5000000000,UniV3_to_UniV2,NULL,NULL,500,NULL,FAILED,NULL,NULL,NULL,NULL,NULL,NULL,NULL,NULL,NULL,NULL,NULL,NULL,NULL,NULL,QUOTE_FAILED,NULL
2026-09-02T23:54:39.109795,RUN-1788372996,OPP-8453-SPAT-20260902-1788373518,Spatial,8453,Base,,NULL,https://mainnet.base.org,0xA0b86991c6218b36c1d19D4a2e9Eb0cE3606eB48,0x4200000000000000000000000000000000000006,6,10000000000,UniV3_to_UniV2,NULL,NULL,500,NULL,FAILED,NULL,NULL,NULL,NULL,NULL,NULL,NULL,NULL,NULL,NULL,NULL,NULL,NULL,NULL,QUOTE_FAILED,NULL
2026-09-02T23:55:18.892054,RUN-1788372996,OPP-8453-SPAT-20260902-1788373536,Spatial,8453,Base,,NULL,https://mainnet.base.org,0xA0b86991c6218b36c1d19D4a2e9Eb0cE3606eB48,0x4200000000000000000000000000000000000006,6,50000000000,UniV3_to_UniV2,NULL,NULL,500,NULL,FAILED,NULL,NULL,NULL,NULL,NULL,NULL,NULL,NULL,NULL,NULL,NULL,NULL,NULL,NULL,QUOTE_FAILED,NULL
2026-09-02T23:55:36.530740,RUN-1788372996,OPP-8453-SPAT-20260902-1788373553,Spatial,8453,Base,,NULL,https://mainnet.base.org,0xA0b86991c6218b36c1d19D4a2e9Eb0cE3606eB48,0x4200000000000000000000000000000000000006,6,100000000,UniV3_to_UniV2,NULL,NULL,500,NULL,FAILED,NULL,NULL,NULL,NULL,NULL,NULL,NULL,NULL,NULL,NULL,NULL,NULL,NULL,NULL,QUOTE_FAILED,NULL
2026-09-02T23:55:53.432137,RUN-1788372996,OPP-8453-SPAT-20260902-1788373569,Spatial,8453,Base,,NULL,https://mainnet.base.org,0xA0b86991c6218b36c1d19D4a2e9Eb0cE3606eB48,0x4200000000000000000000000000000000000006,6,500000000,UniV3_to_UniV2,NULL,NULL,500,NULL,FAILED,NULL,NULL,NULL,NULL,NULL,NULL,NULL,NULL,NULL,NULL,NULL,NULL,NULL,NULL,QUOTE_FAILED,NULL
2026-09-02T23:56:09.778107,RUN-1788372996,OPP-8453-SPAT-20260902-1788373586,Spatial,8453,Base,,NULL,https://mainnet.base.org,0xA0b86991c6218b36c1d19D4a2e9Eb0cE3606eB48,0x4200000000000000000000000000000000000006,6,1000000000,UniV3_to_UniV2,NULL,NULL,500,NULL,FAILED,NULL,NULL,NULL,NULL,NULL,NULL,NULL,NULL,NULL,NULL,NULL,NULL,NULL,NULL,QUOTE_FAILED,NULL
2026-09-02T23:56:26.657779,RUN-1788372996,OPP-8453-SPAT-20260902-1788373607,Spatial,8453,Base,,NULL,https://mainnet.base.org,0xA0b86991c6218b36c1d19D4a2e9Eb0cE3606eB48,0x4200000000000000000000000000000000000006,6,5000000000,UniV3_to_UniV2,NULL,NULL,500,NULL,FAILED,NULL,NULL,NULL,NULL,NULL,NULL,NULL,NULL,NULL,NULL,NULL,NULL,NULL,NULL,QUOTE_FAILED,NULL
2026-09-02T23:56:47.224475,RUN-1788372996,OPP-8453-SPAT-20260902-1788373636,Spatial,8453,Base,,NULL,https://mainnet.base.org,0xA0b86991c6218b36c1d19D4a2e9Eb0cE3606eB48,0x4200000000000000000000000000000000000006,6,10000000000,UniV3_to_UniV2,NULL,NULL,500,NULL,FAILED,NULL,NULL,NULL,NULL,NULL,NULL,NULL,NULL,NULL,NULL,NULL,NULL,NULL,NULL,QUOTE_FAILED,NULL
2026-09-02T23:57:16.783338,RUN-1788372996,OPP-8453-SPAT-20260902-1788373649,Spatial,8453,Base,,NULL,https://mainnet.base.org,0xA0b86991c6218b36c1d19D4a2e9Eb0cE3606eB48,0x4200000000000000000000000000000000000006,6,50000000000,UniV3_to_UniV2,NULL,NULL,500,NULL,FAILED,NULL,NULL,NULL,NULL,NULL,NULL,NULL,NULL,NULL,NULL,NULL,NULL,NULL,NULL,QUOTE_FAILED,NULL
2026-09-02T23:57:29.477946,RUN-1788372996,OPP-8453-SPAT-20260902-1788373655,Spatial,8453,Base,,NULL,https://mainnet.base.org,0xA0b86991c6218b36c1d19D4a2e9Eb0cE3606eB48,0x4200000000000000000000000000000000000006,6,100000000,UniV3_to_UniV2,NULL,NULL,500,NULL,FAILED,NULL,NULL,NULL,NULL,NULL,NULL,NULL,NULL,NULL,NULL,NULL,NULL,NULL,NULL,QUOTE_FAILED,NULL
2026-09-02T23:57:35.552579,RUN-1788372996,OPP-8453-SPAT-20260902-1788373661,Spatial,8453,Base,,NULL,https://mainnet.base.org,0xA0b86991c6218b36c1d19D4a2e9Eb0cE3606eB48,0x4200000000000000000000000000000000000006,6,500000000,UniV3_to_UniV2,NULL,NULL,500,NULL,FAILED,NULL,NULL,NULL,NULL,NULL,NULL,NULL,NULL,NULL,NULL,NULL,NULL,NULL,NULL,QUOTE_FAILED,NULL
2026-09-02T23:57:41.653500,RUN-1788372996,OPP-8453-SPAT-20260902-1788373666,Spatial,8453,Base,,NULL,https://mainnet.base.org,0xA0b86991c6218b36c1d19D4a2e9Eb0cE3606eB48,0x4200000000000000000000000000000000000006,6,1000000000,UniV3_to_UniV2,NULL,NULL,500,NULL,FAILED,NULL,NULL,NULL,NULL,NULL,NULL,NULL,NULL,NULL,NULL,NULL,NULL,NULL,NULL,QUOTE_FAILED,NULL
2026-09-02T23:57:46.304669,RUN-1788372996,OPP-8453-SPAT-20260902-1788373671,Spatial,8453,Base,,NULL,https://mainnet.base.org,0xA0b86991c6218b36c1d19D4a2e9Eb0cE3606eB48,0x4200000000000000000000000000000000000006,6,5000000000,UniV3_to_UniV2,NULL,NULL,500,NULL,FAILED,NULL,NULL,NULL,NULL,NULL,NULL,NULL,NULL,NULL,NULL,NULL,NULL,NULL,NULL,QUOTE_FAILED,NULL
2026-09-02T23:57:51.302283,RUN-1788372996,OPP-8453-SPAT-20260902-1788373676,Spatial,8453,Base,,NULL,https://mainnet.base.org,0xA0b86991c6218b36c1d19D4a2e9Eb0cE3606eB48,0x4200000000000000000000000000000000000006,6,10000000000,UniV3_to_UniV2,NULL,NULL,500,NULL,FAILED,NULL,NULL,NULL,NULL,NULL,NULL,NULL,NULL,NULL,NULL,NULL,NULL,NULL,NULL,QUOTE_FAILED,NULL
2026-09-02T23:57:56.583591,RUN-1788372996,OPP-8453-SPAT-20260902-1788373683,Spatial,8453,Base,,NULL,https://mainnet.base.org,0xA0b86991c6218b36c1d19D4a2e9Eb0cE3606eB48,0x4200000000000000000000000000000000000006,6,50000000000,UniV3_to_UniV2,NULL,NULL,500,NULL,FAILED,NULL,NULL,NULL,NULL,NULL,NULL,NULL,NULL,NULL,NULL,NULL,NULL,NULL,NULL,QUOTE_FAILED,NULL
2026-09-02T23:58:05.806088,RUN-1788372996,OPP-10-SPAT-20260902-1788373689,Spatial,10,Optimism,,NULL,https://mainnet.optimism.io,0xA0b86991c6218b36c1d19D4a2e9Eb0cE3606eB48,0x4200000000000000000000000000000000000006,6,100000000,UniV3_to_UniV2,NULL,NULL,500,NULL,FAILED,NULL,NULL,NULL,NULL,NULL,NULL,NULL,NULL,NULL,NULL,NULL,NULL,NULL,NULL,QUOTE_FAILED,NULL
2026-09-02T23:58:09.084827,RUN-1788372996,OPP-10-SPAT-20260902-1788373691,Spatial,10,Optimism,,NULL,https://mainnet.optimism.io,0xA0b86991c6218b36c1d19D4a2e9Eb0cE3606eB48,0x4200000000000000000000000000000000000006,6,500000000,UniV3_to_UniV2,NULL,NULL,500,NULL,FAILED,NULL,NULL,NULL,NULL,NULL,NULL,NULL,NULL,NULL,NULL,NULL,NULL,NULL,NULL,QUOTE_FAILED,NULL
2026-09-02T23:58:11.926902,RUN-1788372996,OPP-10-SPAT-20260902-1788373694,Spatial,10,Optimism,,NULL,https://mainnet.optimism.io,0xA0b86991c6218b36c1d19D4a2e9Eb0cE3606eB48,0x4200000000000000000000000000000000000006,6,1000000000,UniV3_to_UniV2,NULL,NULL,500,NULL,FAILED,NULL,NULL,NULL,NULL,NULL,NULL,NULL,NULL,NULL,NULL,NULL,NULL,NULL,NULL,QUOTE_FAILED,NULL
2026-09-02T23:58:14.761574,RUN-1788372996,OPP-10-SPAT-20260902-1788373698,Spatial,10,Optimism,,NULL,https://mainnet.optimism.io,0xA0b86991c6218b36c1d19D4a2e9Eb0cE3606eB48,0x4200000000000000000000000000000000000006,6,5000000000,UniV3_to_UniV2,NULL,NULL,500,NULL,FAILED,NULL,NULL,NULL,NULL,NULL,NULL,NULL,NULL,NULL,NULL,NULL,NULL,NULL,NULL,QUOTE_FAILED,NULL
2026-09-02T23:58:18.116401,RUN-1788372996,OPP-10-SPAT-20260902-1788373700,Spatial,10,Optimism,,NULL,https://mainnet.optimism.io,0xA0b86991c6218b36c1d19D4a2e9Eb0cE3606eB48,0x4200000000000000000000000000000000000006,6,10000000000,UniV3_to_UniV2,NULL,NULL,500,NULL,FAILED,NULL,NULL,NULL,NULL,NULL,NULL,NULL,NULL,NULL,NULL,NULL,NULL,NULL,NULL,QUOTE_FAILED,NULL
2026-09-02T23:58:20.835597,RUN-1788372996,OPP-10-SPAT-20260902-1788373704,Spatial,10,Optimism,,NULL,https://mainnet.optimism.io,0xA0b86991c6218b36c1d19D4a2e9Eb0cE3606eB48,0x4200000000000000000000000000000000000006,6,50000000000,UniV3_to_UniV2,NULL,NULL,500,NULL,FAILED,NULL,NULL,NULL,NULL,NULL,NULL,NULL,NULL,NULL,NULL,NULL,NULL,NULL,NULL,QUOTE_FAILED,NULL
2026-09-02T23:58:24.114841,RUN-1788372996,OPP-10-SPAT-20260902-1788373706,Spatial,10,Optimism,,NULL,https://mainnet.optimism.io,0xA0b86991c6218b36c1d19D4a2e9Eb0cE3606eB48,0x4200000000000000000000000000000000000006,6,100000000,UniV3_to_UniV2,NULL,NULL,500,NULL,FAILED,NULL,NULL,NULL,NULL,NULL,NULL,NULL,NULL,NULL,NULL,NULL,NULL,NULL,NULL,QUOTE_FAILED,NULL
2026-09-02T23:58:26.767098,RUN-1788372996,OPP-10-SPAT-20260902-1788373709,Spatial,10,Optimism,,NULL,https://mainnet.optimism.io,0xA0b86991c6218b36c1d19D4a2e9Eb0cE3606eB48,0x4200000000000000000000000000000000000006,6,500000000,UniV3_to_UniV2,NULL,NULL,500,NULL,FAILED,NULL,NULL,NULL,NULL,NULL,NULL,NULL,NULL,NULL,NULL,NULL,NULL,NULL,NULL,QUOTE_FAILED,NULL
2026-09-02T23:58:29.398504,RUN-1788372996,OPP-10-SPAT-20260902-1788373712,Spatial,10,Optimism,,NULL,https://mainnet.optimism.io,0xA0b86991c6218b36c1d19D4a2e9Eb0cE3606eB48,0x4200000000000000000000000000000000000006,6,1000000000,UniV3_to_UniV2,NULL,NULL,500,NULL,FAILED,NULL,NULL,NULL,NULL,NULL,NULL,NULL,NULL,NULL,NULL,NULL,NULL,NULL,NULL,QUOTE_FAILED,NULL
2026-09-02T23:58:32.073663,RUN-1788372996,OPP-10-SPAT-20260902-1788373715,Spatial,10,Optimism,,NULL,https://mainnet.optimism.io,0xA0b86991c6218b36c1d19D4a2e9Eb0cE3606eB48,0x4200000000000000000000000000000000000006,6,5000000000,UniV3_to_UniV2,NULL,NULL,500,NULL,FAILED,NULL,NULL,NULL,NULL,NULL,NULL,NULL,NULL,NULL,NULL,NULL,NULL,NULL,NULL,QUOTE_FAILED,NULL
2026-09-02T23:58:35.740019,RUN-1788372996,OPP-10-SPAT-20260902-1788373718,Spatial,10,Optimism,,NULL,https://mainnet.optimism.io,0xA0b86991c6218b36c1d19D4a2e9Eb0cE3606eB48,0x4200000000000000000000000000000000000006,6,10000000000,UniV3_to_UniV2,NULL,NULL,500,NULL,FAILED,NULL,NULL,NULL,NULL,NULL,NULL,NULL,NULL,NULL,NULL,NULL,NULL,NULL,NULL,QUOTE_FAILED,NULL
2026-09-02T23:58:38.391727,RUN-1788372996,OPP-10-SPAT-20260902-1788373721,Spatial,10,Optimism,,NULL,https://mainnet.optimism.io,0xA0b86991c6218b36c1d19D4a2e9Eb0cE3606eB48,0x4200000000000000000000000000000000000006,6,50000000000,UniV3_to_UniV2,NULL,NULL,500,NULL,FAILED,NULL,NULL,NULL,NULL,NULL,NULL,NULL,NULL,NULL,NULL,NULL,NULL,NULL,NULL,QUOTE_FAILED,NULL
2026-09-02T23:58:41.060106,RUN-1788372996,OPP-10-SPAT-20260902-1788373724,Spatial,10,Optimism,,NULL,https://mainnet.optimism.io,0xA0b86991c6218b36c1d19D4a2e9Eb0cE3606eB48,0x4200000000000000000000000000000000000006,6,100000000,UniV3_to_UniV2,NULL,NULL,500,NULL,FAILED,NULL,NULL,NULL,NULL,NULL,NULL,NULL,NULL,NULL,NULL,NULL,NULL,NULL,NULL,QUOTE_FAILED,NULL
2026-09-02T23:58:44.138420,RUN-1788372996,OPP-10-SPAT-20260902-1788373726,Spatial,10,Optimism,,NULL,https://mainnet.optimism.io,0xA0b86991c6218b36c1d19D4a2e9Eb0cE3606eB48,0x4200000000000000000000000000000000000006,6,500000000,UniV3_to_UniV2,NULL,NULL,500,NULL,FAILED,NULL,NULL,NULL,NULL,NULL,NULL,NULL,NULL,NULL,NULL,NULL,NULL,NULL,NULL,QUOTE_FAILED,NULL
2026-09-02T23:58:46.781854,RUN-1788372996,OPP-10-SPAT-20260902-1788373730,Spatial,10,Optimism,,NULL,https://mainnet.optimism.io,0xA0b86991c6218b36c1d19D4a2e9Eb0cE3606eB48,0x4200000000000000000000000000000000000006,6,1000000000,UniV3_to_UniV2,NULL,NULL,500,NULL,FAILED,NULL,NULL,NULL,NULL,NULL,NULL,NULL,NULL,NULL,NULL,NULL,NULL,NULL,NULL,QUOTE_FAILED,NULL
2026-09-02T23:58:50.467608,RUN-1788372996,OPP-10-SPAT-20260902-1788373733,Spatial,10,Optimism,,NULL,https://mainnet.optimism.io,0xA0b86991c6218b36c1d19D4a2e9Eb0cE3606eB48,0x4200000000000000000000000000000000000006,6,5000000000,UniV3_to_UniV2,NULL,NULL,500,NULL,FAILED,NULL,NULL,NULL,NULL,NULL,NULL,NULL,NULL,NULL,NULL,NULL,NULL,NULL,NULL,QUOTE_FAILED,NULL
2026-09-02T23:58:53.327374,RUN-1788372996,OPP-10-SPAT-20260902-1788373736,Spatial,10,Optimism,,NULL,https://mainnet.optimism.io,0xA0b86991c6218b36c1d19D4a2e9Eb0cE3606eB48,0x4200000000000000000000000000000000000006,6,10000000000,UniV3_to_UniV2,NULL,NULL,500,NULL,FAILED,NULL,NULL,NULL,NULL,NULL,NULL,NULL,NULL,NULL,NULL,NULL,NULL,NULL,NULL,QUOTE_FAILED,NULL
2026-09-02T23:58:56.331344,RUN-1788372996,OPP-10-SPAT-20260902-1788373739,Spatial,10,Optimism,,NULL,https://mainnet.optimism.io,0xA0b86991c6218b36c1d19D4a2e9Eb0cE3606eB48,0x4200000000000000000000000000000000000006,6,50000000000,UniV3_to_UniV2,NULL,NULL,500,NULL,FAILED,NULL,NULL,NULL,NULL,NULL,NULL,NULL,NULL,NULL,NULL,NULL,NULL,NULL,NULL,QUOTE_FAILED,NULL
2026-09-02T23:58:59.226116,RUN-1788372996,OPP-10-SPAT-20260902-1788373742,Spatial,10,Optimism,,NULL,https://mainnet.optimism.io,0xA0b86991c6218b36c1d19D4a2e9Eb0cE3606eB48,0x4200000000000000000000000000000000000006,6,100000000,UniV3_to_UniV2,NULL,NULL,500,NULL,FAILED,NULL,NULL,NULL,NULL,NULL,NULL,NULL,NULL,NULL,NULL,NULL,NULL,NULL,NULL,QUOTE_FAILED,NULL
2026-09-02T23:59:02.135296,RUN-1788372996,OPP-10-SPAT-20260902-1788373745,Spatial,10,Optimism,,NULL,https://mainnet.optimism.io,0xA0b86991c6218b36c1d19D4a2e9Eb0cE3606eB48,0x4200000000000000000000000000000000000006,6,500000000,UniV3_to_UniV2,NULL,NULL,500,NULL,FAILED,NULL,NULL,NULL,NULL,NULL,NULL,NULL,NULL,NULL,NULL,NULL,NULL,NULL,NULL,QUOTE_FAILED,NULL
2026-09-02T23:59:05.289004,RUN-1788372996,OPP-10-SPAT-20260902-1788373748,Spatial,10,Optimism,,NULL,https://mainnet.optimism.io,0xA0b86991c6218b36c1d19D4a2e9Eb0cE3606eB48,0x4200000000000000000000000000000000000006,6,1000000000,UniV3_to_UniV2,NULL,NULL,500,NULL,FAILED,NULL,NULL,NULL,NULL,NULL,NULL,NULL,NULL,NULL,NULL,NULL,NULL,NULL,NULL,QUOTE_FAILED,NULL
2026-09-02T23:59:08.545725,RUN-1788372996,OPP-10-SPAT-20260902-1788373751,Spatial,10,Optimism,,NULL,https://mainnet.optimism.io,0xA0b86991c6218b36c1d19D4a2e9Eb0cE3606eB48,0x4200000000000000000000000000000000000006,6,5000000000,UniV3_to_UniV2,NULL,NULL,500,NULL,FAILED,NULL,NULL,NULL,NULL,NULL,NULL,NULL,NULL,NULL,NULL,NULL,NULL,NULL,NULL,QUOTE_FAILED,NULL
2026-09-02T23:59:11.692565,RUN-1788372996,OPP-10-SPAT-20260902-1788373754,Spatial,10,Optimism,,NULL,https://mainnet.optimism.io,0xA0b86991c6218b36c1d19D4a2e9Eb0cE3606eB48,0x4200000000000000000000000000000000000006,6,10000000000,UniV3_to_UniV2,NULL,NULL,500,NULL,FAILED,NULL,NULL,NULL,NULL,NULL,NULL,NULL,NULL,NULL,NULL,NULL,NULL,NULL,NULL,QUOTE_FAILED,NULL
2026-09-02T23:59:14.762107,RUN-1788372996,OPP-10-SPAT-20260902-1788373757,Spatial,10,Optimism,,NULL,https://mainnet.optimism.io,0xA0b86991c6218b36c1d19D4a2e9Eb0cE3606eB48,0x4200000000000000000000000000000000000006,6,50000000000,UniV3_to_UniV2,NULL,NULL,500,NULL,FAILED,NULL,NULL,NULL,NULL,NULL,NULL,NULL,NULL,NULL,NULL,NULL,NULL,NULL,NULL,QUOTE_FAILED,NULL
2026-09-02T23:59:17.396012,RUN-1788372996,OPP-10-SPAT-20260902-1788373760,Spatial,10,Optimism,,NULL,https://mainnet.optimism.io,0xA0b86991c6218b36c1d19D4a2e9Eb0cE3606eB48,0x4200000000000000000000000000000000000006,6,100000000,UniV3_to_UniV2,NULL,NULL,500,NULL,FAILED,NULL,NULL,NULL,NULL,NULL,NULL,NULL,NULL,NULL,NULL,NULL,NULL,NULL,NULL,QUOTE_FAILED,NULL
2026-09-02T23:59:20.057288,RUN-1788372996,OPP-10-SPAT-20260902-1788373762,Spatial,10,Optimism,,NULL,https://mainnet.optimism.io,0xA0b86991c6218b36c1d19D4a2e9Eb0cE3606eB48,0x4200000000000000000000000000000000000006,6,500000000,UniV3_to_UniV2,NULL,NULL,500,NULL,FAILED,NULL,NULL,NULL,NULL,NULL,NULL,NULL,NULL,NULL,NULL,NULL,NULL,NULL,NULL,QUOTE_FAILED,NULL
2026-09-02T23:59:22.940443,RUN-1788372996,OPP-10-SPAT-20260902-1788373765,Spatial,10,Optimism,,NULL,https://mainnet.optimism.io,0xA0b86991c6218b36c1d19D4a2e9Eb0cE3606eB48,0x4200000000000000000000000000000000000006,6,1000000000,UniV3_to_UniV2,NULL,NULL,500,NULL,FAILED,NULL,NULL,NULL,NULL,NULL,NULL,NULL,NULL,NULL,NULL,NULL,NULL,NULL,NULL,QUOTE_FAILED,NULL
2026-09-02T23:59:25.574935,RUN-1788372996,OPP-10-SPAT-20260902-1788373768,Spatial,10,Optimism,,NULL,https://mainnet.optimism.io,0xA0b86991c6218b36c1d19D4a2e9Eb0cE3606eB48,0x4200000000000000000000000000000000000006,6,5000000000,UniV3_to_UniV2,NULL,NULL,500,NULL,FAILED,NULL,NULL,NULL,NULL,NULL,NULL,NULL,NULL,NULL,NULL,NULL,NULL,NULL,NULL,QUOTE_FAILED,NULL
2026-09-02T23:59:28.254300,RUN-1788372996,OPP-10-SPAT-20260902-1788373771,Spatial,10,Optimism,,NULL,https://mainnet.optimism.io,0xA0b86991c6218b36c1d19D4a2e9Eb0cE3606eB48,0x4200000000000000000000000000000000000006,6,10000000000,UniV3_to_UniV2,NULL,NULL,500,NULL,FAILED,NULL,NULL,NULL,NULL,NULL,NULL,NULL,NULL,NULL,NULL,NULL,NULL,NULL,NULL,QUOTE_FAILED,NULL
2026-09-02T23:59:31.298936,RUN-1788372996,OPP-10-SPAT-20260902-1788373773,Spatial,10,Optimism,,NULL,https://mainnet.optimism.io,0xA0b86991c6218b36c1d19D4a2e9Eb0cE3606eB48,0x4200000000000000000000000000000000000006,6,50000000000,UniV3_to_UniV2,NULL,NULL,500,NULL,FAILED,NULL,NULL,NULL,NULL,NULL,NULL,NULL,NULL,NULL,NULL,NULL,NULL,NULL,NULL,QUOTE_FAILED,NULL
2026-09-02T23:59:35.149404,RUN-1788372996,OPP-42161-SPAT-20260902-1788373777,Spatial,42161,Arbitrum,,NULL,https://arb1.arbitrum.io/rpc,0xA0b86991c6218b36c1d19D4a2e9Eb0cE3606eB48,0x82aF49447D8a07e3bd95BD0d56f35241523fBab1,6,100000000,UniV3_to_UniV2,NULL,NULL,500,NULL,FAILED,NULL,NULL,NULL,NULL,NULL,NULL,NULL,NULL,NULL,NULL,NULL,NULL,NULL,NULL,QUOTE_FAILED,NULL
2026-09-02T23:59:37.874827,RUN-1788372996,OPP-42161-SPAT-20260902-1788373780,Spatial,42161,Arbitrum,,NULL,https://arb1.arbitrum.io/rpc,0xA0b86991c6218b36c1d19D4a2e9Eb0cE3606eB48,0x82aF49447D8a07e3bd95BD0d56f35241523fBab1,6,500000000,UniV3_to_UniV2,NULL,NULL,500,NULL,FAILED,NULL,NULL,NULL,NULL,NULL,NULL,NULL,NULL,NULL,NULL,NULL,NULL,NULL,NULL,QUOTE_FAILED,NULL
2026-09-02T23:59:40.304709,RUN-1788372996,OPP-42161-SPAT-20260902-1788373782,Spatial,42161,Arbitrum,,NULL,https://arb1.arbitrum.io/rpc,0xA0b86991c6218b36c1d19D4a2e9Eb0cE3606eB48,0x82aF49447D8a07e3bd95BD0d56f35241523fBab1,6,1000000000,UniV3_to_UniV2,NULL,NULL,500,NULL,FAILED,NULL,NULL,NULL,NULL,NULL,NULL,NULL,NULL,NULL,NULL,NULL,NULL,NULL,NULL,QUOTE_FAILED,NULL
2026-09-02T23:59:42.428277,RUN-1788372996,OPP-42161-SPAT-20260902-1788373784,Spatial,42161,Arbitrum,,NULL,https://arb1.arbitrum.io/rpc,0xA0b86991c6218b36c1d19D4a2e9Eb0cE3606eB48,0x82aF49447D8a07e3bd95BD0d56f35241523fBab1,6,5000000000,UniV3_to_UniV2,NULL,NULL,500,NULL,FAILED,NULL,NULL,NULL,NULL,NULL,NULL,NULL,NULL,NULL,NULL,NULL,NULL,NULL,NULL,QUOTE_FAILED,NULL
2026-09-02T23:59:44.657123,RUN-1788372996,OPP-42161-SPAT-20260902-1788373786,Spatial,42161,Arbitrum,,NULL,https://arb1.arbitrum.io/rpc,0xA0b86991c6218b36c1d19D4a2e9Eb0cE3606eB48,0x82aF49447D8a07e3bd95BD0d56f35241523fBab1,6,10000000000,UniV3_to_UniV2,NULL,NULL,500,NULL,FAILED,NULL,NULL,NULL,NULL,NULL,NULL,NULL,NULL,NULL,NULL,NULL,NULL,NULL,NULL,QUOTE_FAILED,NULL
2026-09-02T23:59:46.944513,RUN-1788372996,OPP-42161-SPAT-20260902-1788373789,Spatial,42161,Arbitrum,,NULL,https://arb1.arbitrum.io/rpc,0xA0b86991c6218b36c1d19D4a2e9Eb0cE3606eB48,0x82aF49447D8a07e3bd95BD0d56f35241523fBab1,6,50000000000,UniV3_to_UniV2,NULL,NULL,500,NULL,FAILED,NULL,NULL,NULL,NULL,NULL,NULL,NULL,NULL,NULL,NULL,NULL,NULL,NULL,NULL,QUOTE_FAILED,NULL
2026-09-02T23:59:49.082634,RUN-1788372996,OPP-42161-SPAT-20260902-1788373791,Spatial,42161,Arbitrum,,NULL,https://arb1.arbitrum.io/rpc,0xA0b86991c6218b36c1d19D4a2e9Eb0cE3606eB48,0x82aF49447D8a07e3bd95BD0d56f35241523fBab1,6,100000000,UniV3_to_UniV2,NULL,NULL,500,NULL,FAILED,NULL,NULL,NULL,NULL,NULL,NULL,NULL,NULL,NULL,NULL,NULL,NULL,NULL,NULL,QUOTE_FAILED,NULL
2026-09-02T23:59:51.288526,RUN-1788372996,OPP-42161-SPAT-20260902-1788373793,Spatial,42161,Arbitrum,,NULL,https://arb1.arbitrum.io/rpc,0xA0b86991c6218b36c1d19D4a2e9Eb0cE3606eB48,0x82aF49447D8a07e3bd95BD0d56f35241523fBab1,6,500000000,UniV3_to_UniV2,NULL,NULL,500,NULL,FAILED,NULL,NULL,NULL,NULL,NULL,NULL,NULL,NULL,NULL,NULL,NULL,NULL,NULL,NULL,QUOTE_FAILED,NULL
2026-09-02T23:59:53.861779,RUN-1788372996,OPP-42161-SPAT-20260902-1788373796,Spatial,42161,Arbitrum,,NULL,https://arb1.arbitrum.io/rpc,0xA0b86991c6218b36c1d19D4a2e9Eb0cE3606eB48,0x82aF49447D8a07e3bd95BD0d56f35241523fBab1,6,1000000000,UniV3_to_UniV2,NULL,NULL,500,NULL,FAILED,NULL,NULL,NULL,NULL,NULL,NULL,NULL,NULL,NULL,NULL,NULL,NULL,NULL,NULL,QUOTE_FAILED,NULL
2026-09-02T23:59:56.029728,RUN-1788372996,OPP-42161-SPAT-20260902-1788373798,Spatial,42161,Arbitrum,,NULL,https://arb1.arbitrum.io/rpc,0xA0b86991c6218b36c1d19D4a2e9Eb0cE3606eB48,0x82aF49447D8a07e3bd95BD0d56f35241523fBab1,6,5000000000,UniV3_to_UniV2,NULL,NULL,500,NULL,FAILED,NULL,NULL,NULL,NULL,NULL,NULL,NULL,NULL,NULL,NULL,NULL,NULL,NULL,NULL,QUOTE_FAILED,NULL
2026-09-02T23:59:58.144109,RUN-1788372996,OPP-42161-SPAT-20260903-1788373800,Spatial,42161,Arbitrum,,NULL,https://arb1.arbitrum.io/rpc,0xA0b86991c6218b36c1d19D4a2e9Eb0cE3606eB48,0x82aF49447D8a07e3bd95BD0d56f35241523fBab1,6,10000000000,UniV3_to_UniV2,NULL,NULL,500,NULL,FAILED,NULL,NULL,NULL,NULL,NULL,NULL,NULL,NULL,NULL,NULL,NULL,NULL,NULL,NULL,QUOTE_FAILED,NULL
2026-09-03T00:00:00.349863,RUN-1788372996,OPP-42161-SPAT-20260903-1788373802,Spatial,42161,Arbitrum,,NULL,https://arb1.arbitrum.io/rpc,0xA0b86991c6218b36c1d19D4a2e9Eb0cE3606eB48,0x82aF49447D8a07e3bd95BD0d56f35241523fBab1,6,50000000000,UniV3_to_UniV2,NULL,NULL,500,NULL,FAILED,NULL,NULL,NULL,NULL,NULL,NULL,NULL,NULL,NULL,NULL,NULL,NULL,NULL,NULL,QUOTE_FAILED,NULL
2026-09-03T00:00:02.594585,RUN-1788372996,OPP-42161-SPAT-20260903-1788373804,Spatial,42161,Arbitrum,,NULL,https://arb1.arbitrum.io/rpc,0xA0b86991c6218b36c1d19D4a2e9Eb0cE3606eB48,0x82aF49447D8a07e3bd95BD0d56f35241523fBab1,6,100000000,UniV3_to_UniV2,NULL,NULL,500,NULL,FAILED,NULL,NULL,NULL,NULL,NULL,NULL,NULL,NULL,NULL,NULL,NULL,NULL,NULL,NULL,QUOTE_FAILED,NULL
2026-09-03T00:00:04.890489,RUN-1788372996,OPP-42161-SPAT-20260903-1788373807,Spatial,42161,Arbitrum,,NULL,https://arb1.arbitrum.io/rpc,0xA0b86991c6218b36c1d19D4a2e9Eb0cE3606eB48,0x82aF49447D8a07e3bd95BD0d56f35241523fBab1,6,500000000,UniV3_to_UniV2,NULL,NULL,500,NULL,FAILED,NULL,NULL,NULL,NULL,NULL,NULL,NULL,NULL,NULL,NULL,NULL,NULL,NULL,NULL,QUOTE_FAILED,NULL
2026-09-03T00:00:07.288652,RUN-1788372996,OPP-42161-SPAT-20260903-1788373809,Spatial,42161,Arbitrum,,NULL,https://arb1.arbitrum.io/rpc,0xA0b86991c6218b36c1d19D4a2e9Eb0cE3606eB48,0x82aF49447D8a07e3bd95BD0d56f35241523fBab1,6,1000000000,UniV3_to_UniV2,NULL,NULL,500,NULL,FAILED,NULL,NULL,NULL,NULL,NULL,NULL,NULL,NULL,NULL,NULL,NULL,NULL,NULL,NULL,QUOTE_FAILED,NULL
2026-09-03T00:00:09.562615,RUN-1788372996,OPP-42161-SPAT-20260903-1788373812,Spatial,42161,Arbitrum,,NULL,https://arb1.arbitrum.io/rpc,0xA0b86991c6218b36c1d19D4a2e9Eb0cE3606eB48,0x82aF49447D8a07e3bd95BD0d56f35241523fBab1,6,5000000000,UniV3_to_UniV2,NULL,NULL,500,NULL,FAILED,NULL,NULL,NULL,NULL,NULL,NULL,NULL,NULL,NULL,NULL,NULL,NULL,NULL,NULL,QUOTE_FAILED,NULL
2026-09-03T00:00:12.111716,RUN-1788372996,OPP-42161-SPAT-20260903-1788373814,Spatial,42161,Arbitrum,,NULL,https://arb1.arbitrum.io/rpc,0xA0b86991c6218b36c1d19D4a2e9Eb0cE3606eB48,0x82aF49447D8a07e3bd95BD0d56f35241523fBab1,6,10000000000,UniV3_to_UniV2,NULL,NULL,500,NULL,FAILED,NULL,NULL,NULL,NULL,NULL,NULL,NULL,NULL,NULL,NULL,NULL,NULL,NULL,NULL,QUOTE_FAILED,NULL
2026-09-03T00:00:14.342579,RUN-1788372996,OPP-42161-SPAT-20260903-1788373816,Spatial,42161,Arbitrum,,NULL,https://arb1.arbitrum.io/rpc,0xA0b86991c6218b36c1d19D4a2e9Eb0cE3606eB48,0x82aF49447D8a07e3bd95BD0d56f35241523fBab1,6,50000000000,UniV3_to_UniV2,NULL,NULL,500,NULL,FAILED,NULL,NULL,NULL,NULL,NULL,NULL,NULL,NULL,NULL,NULL,NULL,NULL,NULL,NULL,QUOTE_FAILED,NULL
2026-09-03T00:00:16.731822,RUN-1788372996,OPP-42161-SPAT-20260903-1788373819,Spatial,42161,Arbitrum,,NULL,https://arb1.arbitrum.io/rpc,0xA0b86991c6218b36c1d19D4a2e9Eb0cE3606eB48,0x82aF49447D8a07e3bd95BD0d56f35241523fBab1,6,100000000,UniV3_to_UniV2,NULL,NULL,500,NULL,FAILED,NULL,NULL,NULL,NULL,NULL,NULL,NULL,NULL,NULL,NULL,NULL,NULL,NULL,NULL,QUOTE_FAILED,NULL
2026-09-03T00:00:19.026253,RUN-1788372996,OPP-42161-SPAT-20260903-1788373821,Spatial,42161,Arbitrum,,NULL,https://arb1.arbitrum.io/rpc,0xA0b86991c6218b36c1d19D4a2e9Eb0cE3606eB48,0x82aF49447D8a07e3bd95BD0d56f35241523fBab1,6,500000000,UniV3_to_UniV2,NULL,NULL,500,NULL,FAILED,NULL,NULL,NULL,NULL,NULL,NULL,NULL,NULL,NULL,NULL,NULL,NULL,NULL,NULL,QUOTE_FAILED,NULL
2026-09-03T00:00:21.395935,RUN-1788372996,OPP-42161-SPAT-20260903-1788373823,Spatial,42161,Arbitrum,,NULL,https://arb1.arbitrum.io/rpc,0xA0b86991c6218b36c1d19D4a2e9Eb0cE3606eB48,0x82aF49447D8a07e3bd95BD0d56f35241523fBab1,6,1000000000,UniV3_to_UniV2,NULL,NULL,500,NULL,FAILED,NULL,NULL,NULL,NULL,NULL,NULL,NULL,NULL,NULL,NULL,NULL,NULL,NULL,NULL,QUOTE_FAILED,NULL
2026-09-03T00:00:23.559076,RUN-1788372996,OPP-42161-SPAT-20260903-1788373825,Spatial,42161,Arbitrum,,NULL,https://arb1.arbitrum.io/rpc,0xA0b86991c6218b36c1d19D4a2e9Eb0cE3606eB48,0x82aF49447D8a07e3bd95BD0d56f35241523fBab1,6,5000000000,UniV3_to_UniV2,NULL,NULL,500,NULL,FAILED,NULL,NULL,NULL,NULL,NULL,NULL,NULL,NULL,NULL,NULL,NULL,NULL,NULL,NULL,QUOTE_FAILED,NULL
2026-09-03T00:00:25.781997,RUN-1788372996,OPP-42161-SPAT-20260903-1788373828,Spatial,42161,Arbitrum,,NULL,https://arb1.arbitrum.io/rpc,0xA0b86991c6218b36c1d19D4a2e9Eb0cE3606eB48,0x82aF49447D8a07e3bd95BD0d56f35241523fBab1,6,10000000000,UniV3_to_UniV2,NULL,NULL,500,NULL,FAILED,NULL,NULL,NULL,NULL,NULL,NULL,NULL,NULL,NULL,NULL,NULL,NULL,NULL,NULL,QUOTE_FAILED,NULL
2026-09-03T00:00:28.076214,RUN-1788372996,OPP-42161-SPAT-20260903-1788373830,Spatial,42161,Arbitrum,,NULL,https://arb1.arbitrum.io/rpc,0xA0b86991c6218b36c1d19D4a2e9Eb0cE3606eB48,0x82aF49447D8a07e3bd95BD0d56f35241523fBab1,6,50000000000,UniV3_to_UniV2,NULL,NULL,500,NULL,FAILED,NULL,NULL,NULL,NULL,NULL,NULL,NULL,NULL,NULL,NULL,NULL,NULL,NULL,NULL,QUOTE_FAILED,NULL
2026-09-03T00:00:30.487865,RUN-1788372996,OPP-42161-SPAT-20260903-1788373832,Spatial,42161,Arbitrum,,NULL,https://arb1.arbitrum.io/rpc,0xA0b86991c6218b36c1d19D4a2e9Eb0cE3606eB48,0x82aF49447D8a07e3bd95BD0d56f35241523fBab1,6,100000000,UniV3_to_UniV2,NULL,NULL,500,NULL,FAILED,NULL,NULL,NULL,NULL,NULL,NULL,NULL,NULL,NULL,NULL,NULL,NULL,NULL,NULL,QUOTE_FAILED,NULL
2026-09-03T00:00:32.698372,RUN-1788372996,OPP-42161-SPAT-20260903-1788373835,Spatial,42161,Arbitrum,,NULL,https://arb1.arbitrum.io/rpc,0xA0b86991c6218b36c1d19D4a2e9Eb0cE3606eB48,0x82aF49447D8a07e3bd95BD0d56f35241523fBab1,6,500000000,UniV3_to_UniV2,NULL,NULL,500,NULL,FAILED,NULL,NULL,NULL,NULL,NULL,NULL,NULL,NULL,NULL,NULL,NULL,NULL,NULL,NULL,QUOTE_FAILED,NULL
2026-09-03T00:00:35.011006,RUN-1788372996,OPP-42161-SPAT-20260903-1788373837,Spatial,42161,Arbitrum,,NULL,https://arb1.arbitrum.io/rpc,0xA0b86991c6218b36c1d19D4a2e9Eb0cE3606eB48,0x82aF49447D8a07e3bd95BD0d56f35241523fBab1,6,1000000000,UniV3_to_UniV2,NULL,NULL,500,NULL,FAILED,NULL,NULL,NULL,NULL,NULL,NULL,NULL,NULL,NULL,NULL,NULL,NULL,NULL,NULL,QUOTE_FAILED,NULL
2026-09-03T00:00:37.487607,RUN-1788372996,OPP-42161-SPAT-20260903-1788373839,Spatial,42161,Arbitrum,,NULL,https://arb1.arbitrum.io/rpc,0xA0b86991c6218b36c1d19D4a2e9Eb0cE3606eB48,0x82aF49447D8a07e3bd95BD0d56f35241523fBab1,6,5000000000,UniV3_to_UniV2,NULL,NULL,500,NULL,FAILED,NULL,NULL,NULL,NULL,NULL,NULL,NULL,NULL,NULL,NULL,NULL,NULL,NULL,NULL,QUOTE_FAILED,NULL
2026-09-03T00:00:39.720929,RUN-1788372996,OPP-42161-SPAT-20260903-1788373842,Spatial,42161,Arbitrum,,NULL,https://arb1.arbitrum.io/rpc,0xA0b86991c6218b36c1d19D4a2e9Eb0cE3606eB48,0x82aF49447D8a07e3bd95BD0d56f35241523fBab1,6,10000000000,UniV3_to_UniV2,NULL,NULL,500,NULL,FAILED,NULL,NULL,NULL,NULL,NULL,NULL,NULL,NULL,NULL,NULL,NULL,NULL,NULL,NULL,QUOTE_FAILED,NULL
2026-09-03T00:00:42.037897,RUN-1788372996,OPP-42161-SPAT-20260903-1788373844,Spatial,42161,Arbitrum,,NULL,https://arb1.arbitrum.io/rpc,0xA0b86991c6218b36c1d19D4a2e9Eb0cE3606eB48,0x82aF49447D8a07e3bd95BD0d56f35241523fBab1,6,50000000000,UniV3_to_UniV2,NULL,NULL,500,NULL,FAILED,NULL,NULL,NULL,NULL,NULL,NULL,NULL,NULL,NULL,NULL,NULL,NULL,NULL,NULL,QUOTE_FAILED,NULL
2026-09-03T00:00:55.954872,RUN-1788372996,OPP-42220-SPAT-20260903-1788373857,Spatial,42220,Celo,,NULL,https://forno.celo.org,0xA0b86991c6218b36c1d19D4a2e9Eb0cE3606eB48,0x471EcE3750Da237f93B8E339c536989b8978a438,6,100000000,UniV3_to_UniV2,NULL,NULL,500,NULL,FAILED,NULL,NULL,NULL,NULL,NULL,NULL,NULL,NULL,NULL,NULL,NULL,NULL,NULL,NULL,QUOTE_FAILED,NULL
2026-09-03T00:00:57.942790,RUN-1788372996,OPP-42220-SPAT-20260903-1788373859,Spatial,42220,Celo,,NULL,https://forno.celo.org,0xA0b86991c6218b36c1d19D4a2e9Eb0cE3606eB48,0x471EcE3750Da237f93B8E339c536989b8978a438,6,500000000,UniV3_to_UniV2,NULL,NULL,500,NULL,FAILED,NULL,NULL,NULL,NULL,NULL,NULL,NULL,NULL,NULL,NULL,NULL,NULL,NULL,NULL,QUOTE_FAILED,NULL
2026-09-03T00:00:59.263606,RUN-1788372996,OPP-42220-SPAT-20260903-1788373861,Spatial,42220,Celo,,NULL,https://forno.celo.org,0xA0b86991c6218b36c1d19D4a2e9Eb0cE3606eB48,0x471EcE3750Da237f93B8E339c536989b8978a438,6,1000000000,UniV3_to_UniV2,NULL,NULL,500,NULL,FAILED,NULL,NULL,NULL,NULL,NULL,NULL,NULL,NULL,NULL,NULL,NULL,NULL,NULL,NULL,QUOTE_FAILED,NULL
2026-09-03T00:01:01.150505,RUN-1788372996,OPP-42220-SPAT-20260903-1788373862,Spatial,42220,Celo,,NULL,https://forno.celo.org,0xA0b86991c6218b36c1d19D4a2e9Eb0cE3606eB48,0x471EcE3750Da237f93B8E339c536989b8978a438,6,5000000000,UniV3_to_UniV2,NULL,NULL,500,NULL,FAILED,NULL,NULL,NULL,NULL,NULL,NULL,NULL,NULL,NULL,NULL,NULL,NULL,NULL,NULL,QUOTE_FAILED,NULL
2026-09-03T00:01:02.386275,RUN-1788372996,OPP-42220-SPAT-20260903-1788373863,Spatial,42220,Celo,,NULL,https://forno.celo.org,0xA0b86991c6218b36c1d19D4a2e9Eb0cE3606eB48,0x471EcE3750Da237f93B8E339c536989b8978a438,6,10000000000,UniV3_to_UniV2,NULL,NULL,500,NULL,FAILED,NULL,NULL,NULL,NULL,NULL,NULL,NULL,NULL,NULL,NULL,NULL,NULL,NULL,NULL,QUOTE_FAILED,NULL
2026-09-03T00:01:03.904860,RUN-1788372996,OPP-42220-SPAT-20260903-1788373865,Spatial,42220,Celo,,NULL,https://forno.celo.org,0xA0b86991c6218b36c1d19D4a2e9Eb0cE3606eB48,0x471EcE3750Da237f93B8E339c536989b8978a438,6,50000000000,UniV3_to_UniV2,NULL,NULL,500,NULL,FAILED,NULL,NULL,NULL,NULL,NULL,NULL,NULL,NULL,NULL,NULL,NULL,NULL,NULL,NULL,QUOTE_FAILED,NULL
2026-09-03T00:01:05.128566,RUN-1788372996,OPP-42220-SPAT-20260903-1788373866,Spatial,42220,Celo,,NULL,https://forno.celo.org,0xA0b86991c6218b36c1d19D4a2e9Eb0cE3606eB48,0x471EcE3750Da237f93B8E339c536989b8978a438,6,100000000,UniV3_to_UniV2,NULL,NULL,500,NULL,FAILED,NULL,NULL,NULL,NULL,NULL,NULL,NULL,NULL,NULL,NULL,NULL,NULL,NULL,NULL,QUOTE_FAILED,NULL
2026-09-03T00:01:06.373593,RUN-1788372996,OPP-42220-SPAT-20260903-1788373867,Spatial,42220,Celo,,NULL,https://forno.celo.org,0xA0b86991c6218b36c1d19D4a2e9Eb0cE3606eB48,0x471EcE3750Da237f93B8E339c536989b8978a438,6,500000000,UniV3_to_UniV2,NULL,NULL,500,NULL,FAILED,NULL,NULL,NULL,NULL,NULL,NULL,NULL,NULL,NULL,NULL,NULL,NULL,NULL,NULL,QUOTE_FAILED,NULL
2026-09-03T00:01:07.624176,RUN-1788372996,OPP-42220-SPAT-20260903-1788373869,Spatial,42220,Celo,,NULL,https://forno.celo.org,0xA0b86991c6218b36c1d19D4a2e9Eb0cE3606eB48,0x471EcE3750Da237f93B8E339c536989b8978a438,6,1000000000,UniV3_to_UniV2,NULL,NULL,500,NULL,FAILED,NULL,NULL,NULL,NULL,NULL,NULL,NULL,NULL,NULL,NULL,NULL,NULL,NULL,NULL,QUOTE_FAILED,NULL
2026-09-03T00:01:09.235772,RUN-1788372996,OPP-42220-SPAT-20260903-1788373870,Spatial,42220,Celo,,NULL,https://forno.celo.org,0xA0b86991c6218b36c1d19D4a2e9Eb0cE3606eB48,0x471EcE3750Da237f93B8E339c536989b8978a438,6,5000000000,UniV3_to_UniV2,NULL,NULL,500,NULL,FAILED,NULL,NULL,NULL,NULL,NULL,NULL,NULL,NULL,NULL,NULL,NULL,NULL,NULL,NULL,QUOTE_FAILED,NULL
2026-09-03T00:01:10.483282,RUN-1788372996,OPP-42220-SPAT-20260903-1788373871,Spatial,42220,Celo,,NULL,https://forno.celo.org,0xA0b86991c6218b36c1d19D4a2e9Eb0cE3606eB48,0x471EcE3750Da237f93B8E339c536989b8978a438,6,10000000000,UniV3_to_UniV2,NULL,NULL,500,NULL,FAILED,NULL,NULL,NULL,NULL,NULL,NULL,NULL,NULL,NULL,NULL,NULL,NULL,NULL,NULL,QUOTE_FAILED,NULL
2026-09-03T00:01:11.975818,RUN-1788372996,OPP-42220-SPAT-20260903-1788373873,Spatial,42220,Celo,,NULL,https://forno.celo.org,0xA0b86991c6218b36c1d19D4a2e9Eb0cE3606eB48,0x471EcE3750Da237f93B8E339c536989b8978a438,6,50000000000,UniV3_to_UniV2,NULL,NULL,500,NULL,FAILED,NULL,NULL,NULL,NULL,NULL,NULL,NULL,NULL,NULL,NULL,NULL,NULL,NULL,NULL,QUOTE_FAILED,NULL
2026-09-03T00:01:13.207583,RUN-1788372996,OPP-42220-SPAT-20260903-1788373874,Spatial,42220,Celo,,NULL,https://forno.celo.org,0xA0b86991c6218b36c1d19D4a2e9Eb0cE3606eB48,0x471EcE3750Da237f93B8E339c536989b8978a438,6,100000000,UniV3_to_UniV2,NULL,NULL,500,NULL,FAILED,NULL,NULL,NULL,NULL,NULL,NULL,NULL,NULL,NULL,NULL,NULL,NULL,NULL,NULL,QUOTE_FAILED,NULL
2026-09-03T00:01:14.405313,RUN-1788372996,OPP-42220-SPAT-20260903-1788373875,Spatial,42220,Celo,,NULL,https://forno.celo.org,0xA0b86991c6218b36c1d19D4a2e9Eb0cE3606eB48,0x471EcE3750Da237f93B8E339c536989b8978a438,6,500000000,UniV3_to_UniV2,NULL,NULL,500,NULL,FAILED,NULL,NULL,NULL,NULL,NULL,NULL,NULL,NULL,NULL,NULL,NULL,NULL,NULL,NULL,QUOTE_FAILED,NULL
2026-09-03T00:01:15.811269,RUN-1788372996,OPP-42220-SPAT-20260903-1788373877,Spatial,42220,Celo,,NULL,https://forno.celo.org,0xA0b86991c6218b36c1d19D4a2e9Eb0cE3606eB48,0x471EcE3750Da237f93B8E339c536989b8978a438,6,1000000000,UniV3_to_UniV2,NULL,NULL,500,NULL,FAILED,NULL,NULL,NULL,NULL,NULL,NULL,NULL,NULL,NULL,NULL,NULL,NULL,NULL,NULL,QUOTE_FAILED,NULL
2026-09-03T00:01:17.091717,RUN-1788372996,OPP-42220-SPAT-20260903-1788373878,Spatial,42220,Celo,,NULL,https://forno.celo.org,0xA0b86991c6218b36c1d19D4a2e9Eb0cE3606eB48,0x471EcE3750Da237f93B8E339c536989b8978a438,6,5000000000,UniV3_to_UniV2,NULL,NULL,500,NULL,FAILED,NULL,NULL,NULL,NULL,NULL,NULL,NULL,NULL,NULL,NULL,NULL,NULL,NULL,NULL,QUOTE_FAILED,NULL
2026-09-03T00:01:18.301998,RUN-1788372996,OPP-42220-SPAT-20260903-1788373879,Spatial,42220,Celo,,NULL,https://forno.celo.org,0xA0b86991c6218b36c1d19D4a2e9Eb0cE3606eB48,0x471EcE3750Da237f93B8E339c536989b8978a438,6,10000000000,UniV3_to_UniV2,NULL,NULL,500,NULL,FAILED,NULL,NULL,NULL,NULL,NULL,NULL,NULL,NULL,NULL,NULL,NULL,NULL,NULL,NULL,QUOTE_FAILED,NULL
2026-09-03T00:01:19.529736,RUN-1788372996,OPP-42220-SPAT-20260903-1788373880,Spatial,42220,Celo,,NULL,https://forno.celo.org,0xA0b86991c6218b36c1d19D4a2e9Eb0cE3606eB48,0x471EcE3750Da237f93B8E339c536989b8978a438,6,50000000000,UniV3_to_UniV2,NULL,NULL,500,NULL,FAILED,NULL,NULL,NULL,NULL,NULL,NULL,NULL,NULL,NULL,NULL,NULL,NULL,NULL,NULL,QUOTE_FAILED,NULL
2026-09-03T00:01:20.783711,RUN-1788372996,OPP-42220-SPAT-20260903-1788373882,Spatial,42220,Celo,,NULL,https://forno.celo.org,0xA0b86991c6218b36c1d19D4a2e9Eb0cE3606eB48,0x471EcE3750Da237f93B8E339c536989b8978a438,6,100000000,UniV3_to_UniV2,NULL,NULL,500,NULL,FAILED,NULL,NULL,NULL,NULL,NULL,NULL,NULL,NULL,NULL,NULL,NULL,NULL,NULL,NULL,QUOTE_FAILED,NULL
2026-09-03T00:01:22.099870,RUN-1788372996,OPP-42220-SPAT-20260903-1788373883,Spatial,42220,Celo,,NULL,https://forno.celo.org,0xA0b86991c6218b36c1d19D4a2e9Eb0cE3606eB48,0x471EcE3750Da237f93B8E339c536989b8978a438,6,500000000,UniV3_to_UniV2,NULL,NULL,500,NULL,FAILED,NULL,NULL,NULL,NULL,NULL,NULL,NULL,NULL,NULL,NULL,NULL,NULL,NULL,NULL,QUOTE_FAILED,NULL
2026-09-03T00:01:23.312244,RUN-1788372996,OPP-42220-SPAT-20260903-1788373884,Spatial,42220,Celo,,NULL,https://forno.celo.org,0xA0b86991c6218b36c1d19D4a2e9Eb0cE3606eB48,0x471EcE3750Da237f93B8E339c536989b8978a438,6,1000000000,UniV3_to_UniV2,NULL,NULL,500,NULL,FAILED,NULL,NULL,NULL,NULL,NULL,NULL,NULL,NULL,NULL,NULL,NULL,NULL,NULL,NULL,QUOTE_FAILED,NULL
2026-09-03T00:01:24.520191,RUN-1788372996,OPP-42220-SPAT-20260903-1788373885,Spatial,42220,Celo,,NULL,https://forno.celo.org,0xA0b86991c6218b36c1d19D4a2e9Eb0cE3606eB48,0x471EcE3750Da237f93B8E339c536989b8978a438,6,5000000000,UniV3_to_UniV2,NULL,NULL,500,NULL,FAILED,NULL,NULL,NULL,NULL,NULL,NULL,NULL,NULL,NULL,NULL,NULL,NULL,NULL,NULL,QUOTE_FAILED,NULL
2026-09-03T00:01:25.720448,RUN-1788372996,OPP-42220-SPAT-20260903-1788373887,Spatial,42220,Celo,,NULL,https://forno.celo.org,0xA0b86991c6218b36c1d19D4a2e9Eb0cE3606eB48,0x471EcE3750Da237f93B8E339c536989b8978a438,6,10000000000,UniV3_to_UniV2,NULL,NULL,500,NULL,FAILED,NULL,NULL,NULL,NULL,NULL,NULL,NULL,NULL,NULL,NULL,NULL,NULL,NULL,NULL,QUOTE_FAILED,NULL
2026-09-03T00:01:27.000669,RUN-1788372996,OPP-42220-SPAT-20260903-1788373888,Spatial,42220,Celo,,NULL,https://forno.celo.org,0xA0b86991c6218b36c1d19D4a2e9Eb0cE3606eB48,0x471EcE3750Da237f93B8E339c536989b8978a438,6,50000000000,UniV3_to_UniV2,NULL,NULL,500,NULL,FAILED,NULL,NULL,NULL,NULL,NULL,NULL,NULL,NULL,NULL,NULL,NULL,NULL,NULL,NULL,QUOTE_FAILED,NULL
2026-09-03T00:01:28.379678,RUN-1788372996,OPP-42220-SPAT-20260903-1788373889,Spatial,42220,Celo,,NULL,https://forno.celo.org,0xA0b86991c6218b36c1d19D4a2e9Eb0cE3606eB48,0x471EcE3750Da237f93B8E339c536989b8978a438,6,100000000,UniV3_to_UniV2,NULL,NULL,500,NULL,FAILED,NULL,NULL,NULL,NULL,NULL,NULL,NULL,NULL,NULL,NULL,NULL,NULL,NULL,NULL,QUOTE_FAILED,NULL
2026-09-03T00:01:29.643396,RUN-1788372996,OPP-42220-SPAT-20260903-1788373891,Spatial,42220,Celo,,NULL,https://forno.celo.org,0xA0b86991c6218b36c1d19D4a2e9Eb0cE3606eB48,0x471EcE3750Da237f93B8E339c536989b8978a438,6,500000000,UniV3_to_UniV2,NULL,NULL,500,NULL,FAILED,NULL,NULL,NULL,NULL,NULL,NULL,NULL,NULL,NULL,NULL,NULL,NULL,NULL,NULL,QUOTE_FAILED,NULL
2026-09-03T00:01:31.103183,RUN-1788372996,OPP-42220-SPAT-20260903-1788373892,Spatial,42220,Celo,,NULL,https://forno.celo.org,0xA0b86991c6218b36c1d19D4a2e9Eb0cE3606eB48,0x471EcE3750Da237f93B8E339c536989b8978a438,6,1000000000,UniV3_to_UniV2,NULL,NULL,500,NULL,FAILED,NULL,NULL,NULL,NULL,NULL,NULL,NULL,NULL,NULL,NULL,NULL,NULL,NULL,NULL,QUOTE_FAILED,NULL
2026-09-03T00:01:32.329753,RUN-1788372996,OPP-42220-SPAT-20260903-1788373893,Spatial,42220,Celo,,NULL,https://forno.celo.org,0xA0b86991c6218b36c1d19D4a2e9Eb0cE3606eB48,0x471EcE3750Da237f93B8E339c536989b8978a438,6,5000000000,UniV3_to_UniV2,NULL,NULL,500,NULL,FAILED,NULL,NULL,NULL,NULL,NULL,NULL,NULL,NULL,NULL,NULL,NULL,NULL,NULL,NULL,QUOTE_FAILED,NULL
2026-09-03T00:01:33.769856,RUN-1788372996,OPP-42220-SPAT-20260903-1788373894,Spatial,42220,Celo,,NULL,https://forno.celo.org,0xA0b86991c6218b36c1d19D4a2e9Eb0cE3606eB48,0x471EcE3750Da237f93B8E339c536989b8978a438,6,10000000000,UniV3_to_UniV2,NULL,NULL,500,NULL,FAILED,NULL,NULL,NULL,NULL,NULL,NULL,NULL,NULL,NULL,NULL,NULL,NULL,NULL,NULL,QUOTE_FAILED,NULL
2026-09-03T00:01:34.990447,RUN-1788372996,OPP-42220-SPAT-20260903-1788373896,Spatial,42220,Celo,,NULL,https://forno.celo.org,0xA0b86991c6218b36c1d19D4a2e9Eb0cE3606eB48,0x471EcE3750Da237f93B8E339c536989b8978a438,6,50000000000,UniV3_to_UniV2,NULL,NULL,500,NULL,FAILED,NULL,NULL,NULL,NULL,NULL,NULL,NULL,NULL,NULL,NULL,NULL,NULL,NULL,NULL,QUOTE_FAILED,NULL
