timestamp,run_id,opportunity_id,chain,strategy,stage,failure_code,error_message,provider,block,retry_count,fallback_used,final_action
2026-09-02T23:46:38.259506,RUN-1788372996,OPP-1-SPAT-20260902-1788373000,1,Spatial,EXECUTION_PIPELINE,QUOTE_FAILED,Validation Failed,https://ethereum-rpc.publicnode.com,NULL,1,False,ABORT
2026-09-02T23:46:40.998394,RUN-1788372996,OPP-1-SPAT-20260902-1788373004,1,Spatial,EXECUTION_PIPELINE,QUOTE_FAILED,Validation Failed,https://ethereum-rpc.publicnode.com,NULL,1,False,ABORT
2026-09-02T23:46:44.467144,RUN-1788372996,OPP-1-SPAT-20260902-1788373008,1,Spatial,EXECUTION_PIPELINE,QUOTE_FAILED,Validation Failed,https://ethereum-rpc.publicnode.com,NULL,1,False,ABORT
2026-09-02T23:46:48.107382,RUN-1788372996,OPP-1-SPAT-20260902-1788373011,1,Spatial,EXECUTION_PIPELINE,QUOTE_FAILED,Validation Failed,https://ethereum-rpc.publicnode.com,NULL,1,False,ABORT
2026-09-02T23:46:51.181882,RUN-1788372996,OPP-1-SPAT-20260902-1788373014,1,Spatial,EXECUTION_PIPELINE,QUOTE_FAILED,Validation Failed,https://ethereum-rpc.publicnode.com,NULL,1,False,ABORT
2026-09-02T23:46:54.526104,RUN-1788372996,OPP-1-SPAT-20260902-1788373017,1,Spatial,EXECUTION_PIPELINE,QUOTE_FAILED,Validation Failed,https://ethereum-rpc.publicnode.com,NULL,1,False,ABORT
2026-09-02T23:46:57.964174,RUN-1788372996,OPP-1-SPAT-20260902-1788373020,1,Spatial,EXECUTION_PIPELINE,QUOTE_FAILED,Validation Failed,https://ethereum-rpc.publicnode.com,NULL,1,False,ABORT
2026-09-02T23:47:00.410074,RUN-1788372996,OPP-1-SPAT-20260902-1788373023,1,Spatial,EXECUTION_PIPELINE,QUOTE_FAILED,Validation Failed,https://ethereum-rpc.publicnode.com,NULL,1,False,ABORT
2026-09-02T23:47:03.808753,RUN-1788372996,OPP-1-SPAT-20260902-1788373033,1,Spatial,EXECUTION_PIPELINE,QUOTE_FAILED,Validation Failed,https://ethereum-rpc.publicnode.com,NULL,1,False,ABORT
2026-09-02T23:47:13.057078,RUN-1788372996,OPP-1-SPAT-20260902-1788373039,1,Spatial,EXECUTION_PIPELINE,QUOTE_FAILED,Validation Failed,https://ethereum-rpc.publicnode.com,NULL,1,False,ABORT
2026-09-02T23:47:19.355119,RUN-1788372996,OPP-1-SPAT-20260902-1788373080,1,Spatial,EXECUTION_PIPELINE,QUOTE_FAILED,Validation Failed,https://ethereum-rpc.publicnode.com,NULL,1,False,ABORT
2026-09-02T23:48:00.999063,RUN-1788372996,OPP-1-SPAT-20260902-1788373092,1,Spatial,EXECUTION_PIPELINE,QUOTE_FAILED,Validation Failed,https://ethereum-rpc.publicnode.com,NULL,1,False,ABORT
2026-09-02T23:48:12.832758,RUN-1788372996,OPP-1-SPAT-20260902-1788373098,1,Spatial,EXECUTION_PIPELINE,QUOTE_FAILED,Validation Failed,https://ethereum-rpc.publicnode.com,NULL,1,False,ABORT
2026-09-02T23:48:18.877586,RUN-1788372996,OPP-1-SPAT-20260902-1788373116,1,Spatial,EXECUTION_PIPELINE,QUOTE_FAILED,Validation Failed,https://ethereum-rpc.publicnode.com,NULL,1,False,ABORT
2026-09-02T23:48:36.762851,RUN-1788372996,OPP-1-SPAT-20260902-1788373123,1,Spatial,EXECUTION_PIPELINE,QUOTE_FAILED,Validation Failed,https://ethereum-rpc.publicnode.com,NULL,1,False,ABORT
2026-09-02T23:48:43.206576,RUN-1788372996,OPP-1-SPAT-20260902-1788373133,1,Spatial,EXECUTION_PIPELINE,QUOTE_FAILED,Validation Failed,https://ethereum-rpc.publicnode.com,NULL,1,False,ABORT
2026-09-02T23:48:53.779993,RUN-1788372996,OPP-1-SPAT-20260902-1788373140,1,Spatial,EXECUTION_PIPELINE,QUOTE_FAILED,Validation Failed,https://ethereum-rpc.publicnode.com,NULL,1,False,ABORT
2026-09-02T23:49:00.014142,RUN-1788372996,OPP-1-SPAT-20260902-1788373146,1,Spatial,EXECUTION_PIPELINE,QUOTE_FAILED,Validation Failed,https://ethereum-rpc.publicnode.com,NULL,1,False,ABORT
2026-09-02T23:49:06.770926,RUN-1788372996,OPP-1-SPAT-20260902-1788373177,1,Spatial,EXECUTION_PIPELINE,QUOTE_FAILED,Validation Failed,https://ethereum-rpc.publicnode.com,NULL,1,False,ABORT
2026-09-02T23:49:37.768116,RUN-1788372996,OPP-1-SPAT-20260902-1788373181,1,Spatial,EXECUTION_PIPELINE,QUOTE_FAILED,Validation Failed,https://ethereum-rpc.publicnode.com,NULL,1,False,ABORT
2026-09-02T23:49:41.309644,RUN-1788372996,OPP-1-SPAT-20260902-1788373184,1,Spatial,EXECUTION_PIPELINE,QUOTE_FAILED,Validation Failed,https://ethereum-rpc.publicnode.com,NULL,1,False,ABORT
2026-09-02T23:49:44.233204,RUN-1788372996,OPP-1-SPAT-20260902-1788373187,1,Spatial,EXECUTION_PIPELINE,QUOTE_FAILED,Validation Failed,https://ethereum-rpc.publicnode.com,NULL,1,False,ABORT
2026-09-02T23:49:47.997149,RUN-1788372996,OPP-1-SPAT-20260902-1788373190,1,Spatial,EXECUTION_PIPELINE,QUOTE_FAILED,Validation Failed,https://ethereum-rpc.publicnode.com,NULL,1,False,ABORT
2026-09-02T23:49:50.882281,RUN-1788372996,OPP-1-SPAT-20260902-1788373195,1,Spatial,EXECUTION_PIPELINE,QUOTE_FAILED,Validation Failed,https://ethereum-rpc.publicnode.com,NULL,1,False,ABORT
2026-09-02T23:49:55.917989,RUN-1788372996,OPP-1-SPAT-20260902-1788373200,1,Spatial,EXECUTION_PIPELINE,QUOTE_FAILED,Validation Failed,https://ethereum-rpc.publicnode.com,NULL,1,False,ABORT
2026-09-02T23:50:00.929427,RUN-1788372996,OPP-1-SPAT-20260902-1788373207,1,Spatial,EXECUTION_PIPELINE,QUOTE_FAILED,Validation Failed,https://ethereum-rpc.publicnode.com,NULL,1,False,ABORT
2026-09-02T23:50:07.115647,RUN-1788372996,OPP-1-SPAT-20260902-1788373212,1,Spatial,EXECUTION_PIPELINE,QUOTE_FAILED,Validation Failed,https://ethereum-rpc.publicnode.com,NULL,1,False,ABORT
2026-09-02T23:50:12.204135,RUN-1788372996,OPP-1-SPAT-20260902-1788373224,1,Spatial,EXECUTION_PIPELINE,QUOTE_FAILED,Validation Failed,https://ethereum-rpc.publicnode.com,NULL,1,False,ABORT
2026-09-02T23:50:24.951791,RUN-1788372996,OPP-1-SPAT-20260902-1788373229,1,Spatial,EXECUTION_PIPELINE,QUOTE_FAILED,Validation Failed,https://ethereum-rpc.publicnode.com,NULL,1,False,ABORT
2026-09-02T23:50:29.061632,RUN-1788372996,OPP-1-SPAT-20260902-1788373238,1,Spatial,EXECUTION_PIPELINE,QUOTE_FAILED,Validation Failed,https://ethereum-rpc.publicnode.com,NULL,1,False,ABORT
2026-09-02T23:50:42.642545,RUN-1788372996,OPP-8453-SPAT-20260902-1788373278,8453,Spatial,EXECUTION_PIPELINE,QUOTE_FAILED,Validation Failed,https://mainnet.base.org,NULL,1,False,ABORT
2026-09-02T23:51:18.834049,RUN-1788372996,OPP-8453-SPAT-20260902-1788373317,8453,Spatial,EXECUTION_PIPELINE,QUOTE_FAILED,Validation Failed,https://mainnet.base.org,NULL,1,False,ABORT
2026-09-02T23:51:57.300681,RUN-1788372996,OPP-8453-SPAT-20260902-1788373351,8453,Spatial,EXECUTION_PIPELINE,QUOTE_FAILED,Validation Failed,https://mainnet.base.org,NULL,1,False,ABORT
2026-09-02T23:52:31.011033,RUN-1788372996,OPP-8453-SPAT-20260902-1788373358,8453,Spatial,EXECUTION_PIPELINE,QUOTE_FAILED,Validation Failed,https://mainnet.base.org,NULL,1,False,ABORT
2026-09-02T23:52:38.711434,RUN-1788372996,OPP-8453-SPAT-20260902-1788373363,8453,Spatial,EXECUTION_PIPELINE,QUOTE_FAILED,Validation Failed,https://mainnet.base.org,NULL,1,False,ABORT
2026-09-02T23:52:43.948930,RUN-1788372996,OPP-8453-SPAT-20260902-1788373370,8453,Spatial,EXECUTION_PIPELINE,QUOTE_FAILED,Validation Failed,https://mainnet.base.org,NULL,1,False,ABORT
2026-09-02T23:52:50.715446,RUN-1788372996,OPP-8453-SPAT-20260902-1788373381,8453,Spatial,EXECUTION_PIPELINE,QUOTE_FAILED,Validation Failed,https://mainnet.base.org,NULL,1,False,ABORT
2026-09-02T23:53:01.423935,RUN-1788372996,OPP-8453-SPAT-20260902-1788373387,8453,Spatial,EXECUTION_PIPELINE,QUOTE_FAILED,Validation Failed,https://mainnet.base.org,NULL,1,False,ABORT
2026-09-02T23:53:07.331199,RUN-1788372996,OPP-8453-SPAT-20260902-1788373393,8453,Spatial,EXECUTION_PIPELINE,QUOTE_FAILED,Validation Failed,https://mainnet.base.org,NULL,1,False,ABORT
2026-09-02T23:53:13.290054,RUN-1788372996,OPP-8453-SPAT-20260902-1788373399,8453,Spatial,EXECUTION_PIPELINE,QUOTE_FAILED,Validation Failed,https://mainnet.base.org,NULL,1,False,ABORT
2026-09-02T23:53:19.461755,RUN-1788372996,OPP-8453-SPAT-20260902-1788373404,8453,Spatial,EXECUTION_PIPELINE,QUOTE_FAILED,Validation Failed,https://mainnet.base.org,NULL,1,False,ABORT
2026-09-02T23:53:24.815513,RUN-1788372996,OPP-8453-SPAT-20260902-1788373410,8453,Spatial,EXECUTION_PIPELINE,QUOTE_FAILED,Validation Failed,https://mainnet.base.org,NULL,1,False,ABORT
2026-09-02T23:53:30.370845,RUN-1788372996,OPP-8453-SPAT-20260902-1788373418,8453,Spatial,EXECUTION_PIPELINE,QUOTE_FAILED,Validation Failed,https://mainnet.base.org,NULL,1,False,ABORT
2026-09-02T23:53:38.927910,RUN-1788372996,OPP-8453-SPAT-20260902-1788373451,8453,Spatial,EXECUTION_PIPELINE,QUOTE_FAILED,Validation Failed,https://mainnet.base.org,NULL,1,False,ABORT
2026-09-02T23:54:11.962157,RUN-1788372996,OPP-8453-SPAT-20260902-1788373460,8453,Spatial,EXECUTION_PIPELINE,QUOTE_FAILED,Validation Failed,https://mainnet.base.org,NULL,1,False,ABORT
2026-09-02T23:54:20.117010,RUN-1788372996,OPP-8453-SPAT-20260902-1788373479,8453,Spatial,EXECUTION_PIPELINE,QUOTE_FAILED,Validation Failed,https://mainnet.base.org,NULL,1,False,ABORT
2026-09-02T23:54:39.109795,RUN-1788372996,OPP-8453-SPAT-20260902-1788373518,8453,Spatial,EXECUTION_PIPELINE,QUOTE_FAILED,Validation Failed,https://mainnet.base.org,NULL,1,False,ABORT
2026-09-02T23:55:18.892054,RUN-1788372996,OPP-8453-SPAT-20260902-1788373536,8453,Spatial,EXECUTION_PIPELINE,QUOTE_FAILED,Validation Failed,https://mainnet.base.org,NULL,1,False,ABORT
2026-09-02T23:55:36.530740,RUN-1788372996,OPP-8453-SPAT-20260902-1788373553,8453,Spatial,EXECUTION_PIPELINE,QUOTE_FAILED,Validation Failed,https://mainnet.base.org,NULL,1,False,ABORT
2026-09-02T23:55:53.432137,RUN-1788372996,OPP-8453-SPAT-20260902-1788373569,8453,Spatial,EXECUTION_PIPELINE,QUOTE_FAILED,Validation Failed,https://mainnet.base.org,NULL,1,False,ABORT
2026-09-02T23:56:09.778107,RUN-1788372996,OPP-8453-SPAT-20260902-1788373586,8453,Spatial,EXECUTION_PIPELINE,QUOTE_FAILED,Validation Failed,https://mainnet.base.org,NULL,1,False,ABORT
2026-09-02T23:56:26.657779,RUN-1788372996,OPP-8453-SPAT-20260902-1788373607,8453,Spatial,EXECUTION_PIPELINE,QUOTE_FAILED,Validation Failed,https://mainnet.base.org,NULL,1,False,ABORT
2026-09-02T23:56:47.224475,RUN-1788372996,OPP-8453-SPAT-20260902-1788373636,8453,Spatial,EXECUTION_PIPELINE,QUOTE_FAILED,Validation Failed,https://mainnet.base.org,NULL,1,False,ABORT
2026-09-02T23:57:16.783338,RUN-1788372996,OPP-8453-SPAT-20260902-1788373649,8453,Spatial,EXECUTION_PIPELINE,QUOTE_FAILED,Validation Failed,https://mainnet.base.org,NULL,1,False,ABORT
2026-09-02T23:57:29.477946,RUN-1788372996,OPP-8453-SPAT-20260902-1788373655,8453,Spatial,EXECUTION_PIPELINE,QUOTE_FAILED,Validation Failed,https://mainnet.base.org,NULL,1,False,ABORT
2026-09-02T23:57:35.552579,RUN-1788372996,OPP-8453-SPAT-20260902-1788373661,8453,Spatial,EXECUTION_PIPELINE,QUOTE_FAILED,Validation Failed,https://mainnet.base.org,NULL,1,False,ABORT
2026-09-02T23:57:41.653500,RUN-1788372996,OPP-8453-SPAT-20260902-1788373666,8453,Spatial,EXECUTION_PIPELINE,QUOTE_FAILED,Validation Failed,https://mainnet.base.org,NULL,1,False,ABORT
2026-09-02T23:57:46.304669,RUN-1788372996,OPP-8453-SPAT-20260902-1788373671,8453,Spatial,EXECUTION_PIPELINE,QUOTE_FAILED,Validation Failed,https://mainnet.base.org,NULL,1,False,ABORT
2026-09-02T23:57:51.302283,RUN-1788372996,OPP-8453-SPAT-20260902-1788373676,8453,Spatial,EXECUTION_PIPELINE,QUOTE_FAILED,Validation Failed,https://mainnet.base.org,NULL,1,False,ABORT
2026-09-02T23:57:56.583591,RUN-1788372996,OPP-8453-SPAT-20260902-1788373683,8453,Spatial,EXECUTION_PIPELINE,QUOTE_FAILED,Validation Failed,https://mainnet.base.org,NULL,1,False,ABORT
2026-09-02T23:58:05.806088,RUN-1788372996,OPP-10-SPAT-20260902-1788373689,10,Spatial,EXECUTION_PIPELINE,QUOTE_FAILED,Validation Failed,https://mainnet.optimism.io,NULL,1,False,ABORT
2026-09-02T23:58:09.084827,RUN-1788372996,OPP-10-SPAT-20260902-1788373691,10,Spatial,EXECUTION_PIPELINE,QUOTE_FAILED,Validation Failed,https://mainnet.optimism.io,NULL,1,False,ABORT
2026-09-02T23:58:11.926902,RUN-1788372996,OPP-10-SPAT-20260902-1788373694,10,Spatial,EXECUTION_PIPELINE,QUOTE_FAILED,Validation Failed,https://mainnet.optimism.io,NULL,1,False,ABORT
2026-09-02T23:58:14.761574,RUN-1788372996,OPP-10-SPAT-20260902-1788373698,10,Spatial,EXECUTION_PIPELINE,QUOTE_FAILED,Validation Failed,https://mainnet.optimism.io,NULL,1,False,ABORT
2026-09-02T23:58:18.116401,RUN-1788372996,OPP-10-SPAT-20260902-1788373700,10,Spatial,EXECUTION_PIPELINE,QUOTE_FAILED,Validation Failed,https://mainnet.optimism.io,NULL,1,False,ABORT
2026-09-02T23:58:20.835597,RUN-1788372996,OPP-10-SPAT-20260902-1788373704,10,Spatial,EXECUTION_PIPELINE,QUOTE_FAILED,Validation Failed,https://mainnet.optimism.io,NULL,1,False,ABORT
2026-09-02T23:58:24.114841,RUN-1788372996,OPP-10-SPAT-20260902-1788373706,10,Spatial,EXECUTION_PIPELINE,QUOTE_FAILED,Validation Failed,https://mainnet.optimism.io,NULL,1,False,ABORT
2026-09-02T23:58:26.767098,RUN-1788372996,OPP-10-SPAT-20260902-1788373709,10,Spatial,EXECUTION_PIPELINE,QUOTE_FAILED,Validation Failed,https://mainnet.optimism.io,NULL,1,False,ABORT
2026-09-02T23:58:29.398504,RUN-1788372996,OPP-10-SPAT-20260902-1788373712,10,Spatial,EXECUTION_PIPELINE,QUOTE_FAILED,Validation Failed,https://mainnet.optimism.io,NULL,1,False,ABORT
2026-09-02T23:58:32.073663,RUN-1788372996,OPP-10-SPAT-20260902-1788373715,10,Spatial,EXECUTION_PIPELINE,QUOTE_FAILED,Validation Failed,https://mainnet.optimism.io,NULL,1,False,ABORT
2026-09-02T23:58:35.740019,RUN-1788372996,OPP-10-SPAT-20260902-1788373718,10,Spatial,EXECUTION_PIPELINE,QUOTE_FAILED,Validation Failed,https://mainnet.optimism.io,NULL,1,False,ABORT
2026-09-02T23:58:38.391727,RUN-1788372996,OPP-10-SPAT-20260902-1788373721,10,Spatial,EXECUTION_PIPELINE,QUOTE_FAILED,Validation Failed,https://mainnet.optimism.io,NULL,1,False,ABORT
2026-09-02T23:58:41.060106,RUN-1788372996,OPP-10-SPAT-20260902-1788373724,10,Spatial,EXECUTION_PIPELINE,QUOTE_FAILED,Validation Failed,https://mainnet.optimism.io,NULL,1,False,ABORT
2026-09-02T23:58:44.138420,RUN-1788372996,OPP-10-SPAT-20260902-1788373726,10,Spatial,EXECUTION_PIPELINE,QUOTE_FAILED,Validation Failed,https://mainnet.optimism.io,NULL,1,False,ABORT
2026-09-02T23:58:46.781854,RUN-1788372996,OPP-10-SPAT-20260902-1788373730,10,Spatial,EXECUTION_PIPELINE,QUOTE_FAILED,Validation Failed,https://mainnet.optimism.io,NULL,1,False,ABORT
2026-09-02T23:58:50.467608,RUN-1788372996,OPP-10-SPAT-20260902-1788373733,10,Spatial,EXECUTION_PIPELINE,QUOTE_FAILED,Validation Failed,https://mainnet.optimism.io,NULL,1,False,ABORT
2026-09-02T23:58:53.327374,RUN-1788372996,OPP-10-SPAT-20260902-1788373736,10,Spatial,EXECUTION_PIPELINE,QUOTE_FAILED,Validation Failed,https://mainnet.optimism.io,NULL,1,False,ABORT
2026-09-02T23:58:56.331344,RUN-1788372996,OPP-10-SPAT-20260902-1788373739,10,Spatial,EXECUTION_PIPELINE,QUOTE_FAILED,Validation Failed,https://mainnet.optimism.io,NULL,1,False,ABORT
2026-09-02T23:58:59.226116,RUN-1788372996,OPP-10-SPAT-20260902-1788373742,10,Spatial,EXECUTION_PIPELINE,QUOTE_FAILED,Validation Failed,https://mainnet.optimism.io,NULL,1,False,ABORT
2026-09-02T23:59:02.135296,RUN-1788372996,OPP-10-SPAT-20260902-1788373745,10,Spatial,EXECUTION_PIPELINE,QUOTE_FAILED,Validation Failed,https://mainnet.optimism.io,NULL,1,False,ABORT
2026-09-02T23:59:05.289004,RUN-1788372996,OPP-10-SPAT-20260902-1788373748,10,Spatial,EXECUTION_PIPELINE,QUOTE_FAILED,Validation Failed,https://mainnet.optimism.io,NULL,1,False,ABORT
2026-09-02T23:59:08.545725,RUN-1788372996,OPP-10-SPAT-20260902-1788373751,10,Spatial,EXECUTION_PIPELINE,QUOTE_FAILED,Validation Failed,https://mainnet.optimism.io,NULL,1,False,ABORT
2026-09-02T23:59:11.692565,RUN-1788372996,OPP-10-SPAT-20260902-1788373754,10,Spatial,EXECUTION_PIPELINE,QUOTE_FAILED,Validation Failed,https://mainnet.optimism.io,NULL,1,False,ABORT
2026-09-02T23:59:14.762107,RUN-1788372996,OPP-10-SPAT-20260902-1788373757,10,Spatial,EXECUTION_PIPELINE,QUOTE_FAILED,Validation Failed,https://mainnet.optimism.io,NULL,1,False,ABORT
2026-09-02T23:59:17.396012,RUN-1788372996,OPP-10-SPAT-20260902-1788373760,10,Spatial,EXECUTION_PIPELINE,QUOTE_FAILED,Validation Failed,https://mainnet.optimism.io,NULL,1,False,ABORT
2026-09-02T23:59:20.057288,RUN-1788372996,OPP-10-SPAT-20260902-1788373762,10,Spatial,EXECUTION_PIPELINE,QUOTE_FAILED,Validation Failed,https://mainnet.optimism.io,NULL,1,False,ABORT
2026-09-02T23:59:22.940443,RUN-1788372996,OPP-10-SPAT-20260902-1788373765,10,Spatial,EXECUTION_PIPELINE,QUOTE_FAILED,Validation Failed,https://mainnet.optimism.io,NULL,1,False,ABORT
2026-09-02T23:59:25.574935,RUN-1788372996,OPP-10-SPAT-20260902-1788373768,10,Spatial,EXECUTION_PIPELINE,QUOTE_FAILED,Validation Failed,https://mainnet.optimism.io,NULL,1,False,ABORT
2026-09-02T23:59:28.254300,RUN-1788372996,OPP-10-SPAT-20260902-1788373771,10,Spatial,EXECUTION_PIPELINE,QUOTE_FAILED,Validation Failed,https://mainnet.optimism.io,NULL,1,False,ABORT
2026-09-02T23:59:31.298936,RUN-1788372996,OPP-10-SPAT-20260902-1788373773,10,Spatial,EXECUTION_PIPELINE,QUOTE_FAILED,Validation Failed,https://mainnet.optimism.io,NULL,1,False,ABORT
2026-09-02T23:59:35.149404,RUN-1788372996,OPP-42161-SPAT-20260902-1788373777,42161,Spatial,EXECUTION_PIPELINE,QUOTE_FAILED,Validation Failed,https://arb1.arbitrum.io/rpc,NULL,1,False,ABORT
2026-09-02T23:59:37.874827,RUN-1788372996,OPP-42161-SPAT-20260902-1788373780,42161,Spatial,EXECUTION_PIPELINE,QUOTE_FAILED,Validation Failed,https://arb1.arbitrum.io/rpc,NULL,1,False,ABORT
2026-09-02T23:59:40.304709,RUN-1788372996,OPP-42161-SPAT-20260902-1788373782,42161,Spatial,EXECUTION_PIPELINE,QUOTE_FAILED,Validation Failed,https://arb1.arbitrum.io/rpc,NULL,1,False,ABORT
2026-09-02T23:59:42.428277,RUN-1788372996,OPP-42161-SPAT-20260902-1788373784,42161,Spatial,EXECUTION_PIPELINE,QUOTE_FAILED,Validation Failed,https://arb1.arbitrum.io/rpc,NULL,1,False,ABORT
2026-09-02T23:59:44.657123,RUN-1788372996,OPP-42161-SPAT-20260902-1788373786,42161,Spatial,EXECUTION_PIPELINE,QUOTE_FAILED,Validation Failed,https://arb1.arbitrum.io/rpc,NULL,1,False,ABORT
2026-09-02T23:59:46.944513,RUN-1788372996,OPP-42161-SPAT-20260902-1788373789,42161,Spatial,EXECUTION_PIPELINE,QUOTE_FAILED,Validation Failed,https://arb1.arbitrum.io/rpc,NULL,1,False,ABORT
2026-09-02T23:59:49.082634,RUN-1788372996,OPP-42161-SPAT-20260902-1788373791,42161,Spatial,EXECUTION_PIPELINE,QUOTE_FAILED,Validation Failed,https://arb1.arbitrum.io/rpc,NULL,1,False,ABORT
2026-09-02T23:59:51.288526,RUN-1788372996,OPP-42161-SPAT-20260902-1788373793,42161,Spatial,EXECUTION_PIPELINE,QUOTE_FAILED,Validation Failed,https://arb1.arbitrum.io/rpc,NULL,1,False,ABORT
2026-09-02T23:59:53.861779,RUN-1788372996,OPP-42161-SPAT-20260902-1788373796,42161,Spatial,EXECUTION_PIPELINE,QUOTE_FAILED,Validation Failed,https://arb1.arbitrum.io/rpc,NULL,1,False,ABORT
2026-09-02T23:59:56.029728,RUN-1788372996,OPP-42161-SPAT-20260902-1788373798,42161,Spatial,EXECUTION_PIPELINE,QUOTE_FAILED,Validation Failed,https://arb1.arbitrum.io/rpc,NULL,1,False,ABORT
2026-09-02T23:59:58.144109,RUN-1788372996,OPP-42161-SPAT-20260903-1788373800,42161,Spatial,EXECUTION_PIPELINE,QUOTE_FAILED,Validation Failed,https://arb1.arbitrum.io/rpc,NULL,1,False,ABORT
2026-09-03T00:00:00.349863,RUN-1788372996,OPP-42161-SPAT-20260903-1788373802,42161,Spatial,EXECUTION_PIPELINE,QUOTE_FAILED,Validation Failed,https://arb1.arbitrum.io/rpc,NULL,1,False,ABORT
2026-09-03T00:00:02.594585,RUN-1788372996,OPP-42161-SPAT-20260903-1788373804,42161,Spatial,EXECUTION_PIPELINE,QUOTE_FAILED,Validation Failed,https://arb1.arbitrum.io/rpc,NULL,1,False,ABORT
2026-09-03T00:00:04.890489,RUN-1788372996,OPP-42161-SPAT-20260903-1788373807,42161,Spatial,EXECUTION_PIPELINE,QUOTE_FAILED,Validation Failed,https://arb1.arbitrum.io/rpc,NULL,1,False,ABORT
2026-09-03T00:00:07.288652,RUN-1788372996,OPP-42161-SPAT-20260903-1788373809,42161,Spatial,EXECUTION_PIPELINE,QUOTE_FAILED,Validation Failed,https://arb1.arbitrum.io/rpc,NULL,1,False,ABORT
2026-09-03T00:00:09.562615,RUN-1788372996,OPP-42161-SPAT-20260903-1788373812,42161,Spatial,EXECUTION_PIPELINE,QUOTE_FAILED,Validation Failed,https://arb1.arbitrum.io/rpc,NULL,1,False,ABORT
2026-09-03T00:00:12.111716,RUN-1788372996,OPP-42161-SPAT-20260903-1788373814,42161,Spatial,EXECUTION_PIPELINE,QUOTE_FAILED,Validation Failed,https://arb1.arbitrum.io/rpc,NULL,1,False,ABORT
2026-09-03T00:00:14.342579,RUN-1788372996,OPP-42161-SPAT-20260903-1788373816,42161,Spatial,EXECUTION_PIPELINE,QUOTE_FAILED,Validation Failed,https://arb1.arbitrum.io/rpc,NULL,1,False,ABORT
2026-09-03T00:00:16.731822,RUN-1788372996,OPP-42161-SPAT-20260903-1788373819,42161,Spatial,EXECUTION_PIPELINE,QUOTE_FAILED,Validation Failed,https://arb1.arbitrum.io/rpc,NULL,1,False,ABORT
2026-09-03T00:00:19.026253,RUN-1788372996,OPP-42161-SPAT-20260903-1788373821,42161,Spatial,EXECUTION_PIPELINE,QUOTE_FAILED,Validation Failed,https://arb1.arbitrum.io/rpc,NULL,1,False,ABORT
2026-09-03T00:00:21.395935,RUN-1788372996,OPP-42161-SPAT-20260903-1788373823,42161,Spatial,EXECUTION_PIPELINE,QUOTE_FAILED,Validation Failed,https://arb1.arbitrum.io/rpc,NULL,1,False,ABORT
2026-09-03T00:00:23.559076,RUN-1788372996,OPP-42161-SPAT-20260903-1788373825,42161,Spatial,EXECUTION_PIPELINE,QUOTE_FAILED,Validation Failed,https://arb1.arbitrum.io/rpc,NULL,1,False,ABORT
2026-09-03T00:00:25.781997,RUN-1788372996,OPP-42161-SPAT-20260903-1788373828,42161,Spatial,EXECUTION_PIPELINE,QUOTE_FAILED,Validation Failed,https://arb1.arbitrum.io/rpc,NULL,1,False,ABORT
2026-09-03T00:00:28.076214,RUN-1788372996,OPP-42161-SPAT-20260903-1788373830,42161,Spatial,EXECUTION_PIPELINE,QUOTE_FAILED,Validation Failed,https://arb1.arbitrum.io/rpc,NULL,1,False,ABORT
2026-09-03T00:00:30.487865,RUN-1788372996,OPP-42161-SPAT-20260903-1788373832,42161,Spatial,EXECUTION_PIPELINE,QUOTE_FAILED,Validation Failed,https://arb1.arbitrum.io/rpc,NULL,1,False,ABORT
2026-09-03T00:00:32.698372,RUN-1788372996,OPP-42161-SPAT-20260903-1788373835,42161,Spatial,EXECUTION_PIPELINE,QUOTE_FAILED,Validation Failed,https://arb1.arbitrum.io/rpc,NULL,1,False,ABORT
2026-09-03T00:00:35.011006,RUN-1788372996,OPP-42161-SPAT-20260903-1788373837,42161,Spatial,EXECUTION_PIPELINE,QUOTE_FAILED,Validation Failed,https://arb1.arbitrum.io/rpc,NULL,1,False,ABORT
2026-09-03T00:00:37.487607,RUN-1788372996,OPP-42161-SPAT-20260903-1788373839,42161,Spatial,EXECUTION_PIPELINE,QUOTE_FAILED,Validation Failed,https://arb1.arbitrum.io/rpc,NULL,1,False,ABORT
2026-09-03T00:00:39.720929,RUN-1788372996,OPP-42161-SPAT-20260903-1788373842,42161,Spatial,EXECUTION_PIPELINE,QUOTE_FAILED,Validation Failed,https://arb1.arbitrum.io/rpc,NULL,1,False,ABORT
2026-09-03T00:00:42.037897,RUN-1788372996,OPP-42161-SPAT-20260903-1788373844,42161,Spatial,EXECUTION_PIPELINE,QUOTE_FAILED,Validation Failed,https://arb1.arbitrum.io/rpc,NULL,1,False,ABORT
2026-09-03T00:00:55.954872,RUN-1788372996,OPP-42220-SPAT-20260903-1788373857,42220,Spatial,EXECUTION_PIPELINE,QUOTE_FAILED,Validation Failed,https://forno.celo.org,NULL,1,False,ABORT
2026-09-03T00:00:57.942790,RUN-1788372996,OPP-42220-SPAT-20260903-1788373859,42220,Spatial,EXECUTION_PIPELINE,QUOTE_FAILED,Validation Failed,https://forno.celo.org,NULL,1,False,ABORT
2026-09-03T00:00:59.263606,RUN-1788372996,OPP-42220-SPAT-20260903-1788373861,42220,Spatial,EXECUTION_PIPELINE,QUOTE_FAILED,Validation Failed,https://forno.celo.org,NULL,1,False,ABORT
2026-09-03T00:01:01.150505,RUN-1788372996,OPP-42220-SPAT-20260903-1788373862,42220,Spatial,EXECUTION_PIPELINE,QUOTE_FAILED,Validation Failed,https://forno.celo.org,NULL,1,False,ABORT
2026-09-03T00:01:02.386275,RUN-1788372996,OPP-42220-SPAT-20260903-1788373863,42220,Spatial,EXECUTION_PIPELINE,QUOTE_FAILED,Validation Failed,https://forno.celo.org,NULL,1,False,ABORT
2026-09-03T00:01:03.904860,RUN-1788372996,OPP-42220-SPAT-20260903-1788373865,42220,Spatial,EXECUTION_PIPELINE,QUOTE_FAILED,Validation Failed,https://forno.celo.org,NULL,1,False,ABORT
2026-09-03T00:01:05.128566,RUN-1788372996,OPP-42220-SPAT-20260903-1788373866,42220,Spatial,EXECUTION_PIPELINE,QUOTE_FAILED,Validation Failed,https://forno.celo.org,NULL,1,False,ABORT
2026-09-03T00:01:06.373593,RUN-1788372996,OPP-42220-SPAT-20260903-1788373867,42220,Spatial,EXECUTION_PIPELINE,QUOTE_FAILED,Validation Failed,https://forno.celo.org,NULL,1,False,ABORT
2026-09-03T00:01:07.624176,RUN-1788372996,OPP-42220-SPAT-20260903-1788373869,42220,Spatial,EXECUTION_PIPELINE,QUOTE_FAILED,Validation Failed,https://forno.celo.org,NULL,1,False,ABORT
2026-09-03T00:01:09.235772,RUN-1788372996,OPP-42220-SPAT-20260903-1788373870,42220,Spatial,EXECUTION_PIPELINE,QUOTE_FAILED,Validation Failed,https://forno.celo.org,NULL,1,False,ABORT
2026-09-03T00:01:10.483282,RUN-1788372996,OPP-42220-SPAT-20260903-1788373871,42220,Spatial,EXECUTION_PIPELINE,QUOTE_FAILED,Validation Failed,https://forno.celo.org,NULL,1,False,ABORT
2026-09-03T00:01:11.975818,RUN-1788372996,OPP-42220-SPAT-20260903-1788373873,42220,Spatial,EXECUTION_PIPELINE,QUOTE_FAILED,Validation Failed,https://forno.celo.org,NULL,1,False,ABORT
2026-09-03T00:01:13.207583,RUN-1788372996,OPP-42220-SPAT-20260903-1788373874,42220,Spatial,EXECUTION_PIPELINE,QUOTE_FAILED,Validation Failed,https://forno.celo.org,NULL,1,False,ABORT
2026-09-03T00:01:14.405313,RUN-1788372996,OPP-42220-SPAT-20260903-1788373875,42220,Spatial,EXECUTION_PIPELINE,QUOTE_FAILED,Validation Failed,https://forno.celo.org,NULL,1,False,ABORT
2026-09-03T00:01:15.811269,RUN-1788372996,OPP-42220-SPAT-20260903-1788373877,42220,Spatial,EXECUTION_PIPELINE,QUOTE_FAILED,Validation Failed,https://forno.celo.org,NULL,1,False,ABORT
2026-09-03T00:01:17.091717,RUN-1788372996,OPP-42220-SPAT-20260903-1788373878,42220,Spatial,EXECUTION_PIPELINE,QUOTE_FAILED,Validation Failed,https://forno.celo.org,NULL,1,False,ABORT
2026-09-03T00:01:18.301998,RUN-1788372996,OPP-42220-SPAT-20260903-1788373879,42220,Spatial,EXECUTION_PIPELINE,QUOTE_FAILED,Validation Failed,https://forno.celo.org,NULL,1,False,ABORT
2026-09-03T00:01:19.529736,RUN-1788372996,OPP-42220-SPAT-20260903-1788373880,42220,Spatial,EXECUTION_PIPELINE,QUOTE_FAILED,Validation Failed,https://forno.celo.org,NULL,1,False,ABORT
2026-09-03T00:01:20.783711,RUN-1788372996,OPP-42220-SPAT-20260903-1788373882,42220,Spatial,EXECUTION_PIPELINE,QUOTE_FAILED,Validation Failed,https://forno.celo.org,NULL,1,False,ABORT
2026-09-03T00:01:22.099870,RUN-1788372996,OPP-42220-SPAT-20260903-1788373883,42220,Spatial,EXECUTION_PIPELINE,QUOTE_FAILED,Validation Failed,https://forno.celo.org,NULL,1,False,ABORT
2026-09-03T00:01:23.312244,RUN-1788372996,OPP-42220-SPAT-20260903-1788373884,42220,Spatial,EXECUTION_PIPELINE,QUOTE_FAILED,Validation Failed,https://forno.celo.org,NULL,1,False,ABORT
2026-09-03T00:01:24.520191,RUN-1788372996,OPP-42220-SPAT-20260903-1788373885,42220,Spatial,EXECUTION_PIPELINE,QUOTE_FAILED,Validation Failed,https://forno.celo.org,NULL,1,False,ABORT
2026-09-03T00:01:25.720448,RUN-1788372996,OPP-42220-SPAT-20260903-1788373887,42220,Spatial,EXECUTION_PIPELINE,QUOTE_FAILED,Validation Failed,https://forno.celo.org,NULL,1,False,ABORT
2026-09-03T00:01:27.000669,RUN-1788372996,OPP-42220-SPAT-20260903-1788373888,42220,Spatial,EXECUTION_PIPELINE,QUOTE_FAILED,Validation Failed,https://forno.celo.org,NULL,1,False,ABORT
2026-09-03T00:01:28.379678,RUN-1788372996,OPP-42220-SPAT-20260903-1788373889,42220,Spatial,EXECUTION_PIPELINE,QUOTE_FAILED,Validation Failed,https://forno.celo.org,NULL,1,False,ABORT
2026-09-03T00:01:29.643396,RUN-1788372996,OPP-42220-SPAT-20260903-1788373891,42220,Spatial,EXECUTION_PIPELINE,QUOTE_FAILED,Validation Failed,https://forno.celo.org,NULL,1,False,ABORT
2026-09-03T00:01:31.103183,RUN-1788372996,OPP-42220-SPAT-20260903-1788373892,42220,Spatial,EXECUTION_PIPELINE,QUOTE_FAILED,Validation Failed,https://forno.celo.org,NULL,1,False,ABORT
2026-09-03T00:01:32.329753,RUN-1788372996,OPP-42220-SPAT-20260903-1788373893,42220,Spatial,EXECUTION_PIPELINE,QUOTE_FAILED,Validation Failed,https://forno.celo.org,NULL,1,False,ABORT
2026-09-03T00:01:33.769856,RUN-1788372996,OPP-42220-SPAT-20260903-1788373894,42220,Spatial,EXECUTION_PIPELINE,QUOTE_FAILED,Validation Failed,https://forno.celo.org,NULL,1,False,ABORT
2026-09-03T00:01:34.990447,RUN-1788372996,OPP-42220-SPAT-20260903-1788373896,42220,Spatial,EXECUTION_PIPELINE,QUOTE_FAILED,Validation Failed,https://forno.celo.org,NULL,1,False,ABORT
